game_id,series_id,sequence_number,map_name,team1_id,team1_name,team2_id,team2_name,team1_score,team2_score,winner_team_id,team1_start_side,started,finished,total_rounds
719f343f-e8d5-44de-98c5-e66f04d0f5ab,2629390,1,breeze,99,FURIA,97,NRG,10,13,97,attacker,true,true,23
cd0ede88-b842-4de2-ae9f-bb8776a99437,2629390,2,ascent,99,FURIA,97,NRG,8,13,97,defender,true,true,21
8aacfbab-be97-44f9-bc69-da5c6601062a,2629391,1,bind,81,MIBR,79,Cloud9,11,13,79,attacker,true,true,24
e267ddd1-e28f-48e3-8e83-3fb42a27cc63,2629391,2,split,81,MIBR,79,Cloud9,13,8,81,attacker,true,true,21
4a219f17-c477-448a-ad7b-4f77ab033c9c,2629391,3,lotus,81,MIBR,79,Cloud9,10,13,79,defender,true,true,23
2cd86d08-a06b-4c0f-b749-a0f2964a68ce,2629395,1,split,81,MIBR,99,FURIA,13,9,81,defender,true,true,22
c771aaf8-c65c-4468-9bf5-7f6530c768f3,2629395,2,breeze,81,MIBR,99,FURIA,13,11,81,attacker,true,true,24
da54a836-dd47-47d1-a79e-6daa504bdb56,2629398,1,sunset,79,Cloud9,97,NRG,7,13,97,attacker,true,true,20
23db92c5-dde1-4110-8ca8-2fb0887baea0,2629398,2,ascent,79,Cloud9,97,NRG,12,14,97,defender,true,true,26
df33ba86-e9fe-423e-8e44-206002633674,2629401,1,bind,81,MIBR,79,Cloud9,14,12,81,attacker,true,true,26
03babb80-c970-443f-a21f-f7a4370a23ad,2629401,2,ascent,81,MIBR,79,Cloud9,13,9,81,attacker,true,true,22
dadd1796-2cb3-419b-814b-1260cea71822,2629392,1,split,1079,Sentinels,3412,LOUD,11,13,3412,defender,true,true,24
02a4f2b8-4a3c-4538-8329-0a8c28b0dbb0,2629392,2,ascent,1079,Sentinels,3412,LOUD,9,13,3412,defender,true,true,22
6a2cd9d2-b105-44fc-a573-22daf50c2265,2629393,1,bind,337,100 Thieves,1611,Leviatán Esports,9,13,1611,defender,true,true,22
b1185c74-f70d-413f-a941-9240e9708890,2629393,2,split,337,100 Thieves,1611,Leviatán Esports,13,3,337,defender,true,true,16
c924abac-da36-42b3-b78f-f0c51fdb34f2,2629393,3,icebox,337,100 Thieves,1611,Leviatán Esports,11,13,1611,attacker,true,true,24
cfc3a968-84cf-4e7b-a0ea-32b79d993499,2629396,1,lotus,337,100 Thieves,1079,Sentinels,5,13,1079,defender,true,true,18
e28b9dbd-3643-4e70-a47f-d635be9ce699,2629396,2,bind,337,100 Thieves,1079,Sentinels,13,6,337,attacker,true,true,19
711ae558-0054-4127-96ef-65de99d99673,2629396,3,split,337,100 Thieves,1079,Sentinels,8,13,1079,defender,true,true,21
ee809db8-0a1e-463f-8d68-61f0befb7d7c,2629399,1,,1611,,3412,,,,1611,,true,true,
12b1033d-55d2-480b-a212-fb9097fee3c0,2629399,2,,1611,,3412,,,,3412,,true,true,
3ffcbe29-e13c-4de2-8569-b8c12ea054ec,2629399,3,,1611,,3412,,,,3412,,true,true,
d4fb7b22-a49c-4eb0-a2bc-a810a6bae585,2629402,1,,1079,,1611,,,,1079,,true,true,
dfc5d885-f463-49b5-b2fa-ec79a94aeb63,2629402,2,,1079,,1611,,,,1611,,true,true,
522c73ea-ded3-4bec-ad61-f47017879d46,2629402,3,,1079,,1611,,,,1079,,true,true,
55c2b36a-f81b-4a77-ac8b-4c6bdfa6d498,2629394,1,,96,,48457,,,,48457,,true,true,
2ac8ee27-498f-41c4-aa0c-3f9b0090811e,2629394,2,,96,,48457,,,,96,,true,true,
96506fbc-7552-493d-bb37-3f6d7fcf6dcb,2629394,3,,96,,48457,,,,96,,true,true,
99aab4a2-d4ce-4935-a0a8-f817cf9084d3,2629400,1,,96,,281,,,,281,,true,true,
4bb219f6-8c94-4c8e-b155-3034d661d811,2629400,2,,96,,281,,,,281,,true,true,
6f90ecd9-eaf6-403e-a286-b2ee7011398d,2629403,1,,48457,,96,,,,96,,true,true,
ce2cd253-6109-4140-bf44-8595fcc8bb9e,2629403,2,,48457,,96,,,,96,,true,true,
ffc0ba07-4f35-4b88-adfe-0838d93b8ab0,2637961,1,,81,,1079,,,,1079,,true,true,
1abd393e-d7ce-4295-9187-aac9afcfa36d,2637961,2,,81,,1079,,,,1079,,true,true,
d8ce4d0c-a413-4de3-85a4-98a163263097,2637962,1,,96,,81,,,,81,,true,true,
0d425d58-8e66-43bb-85a2-aeacf5201bd7,2637962,2,,96,,81,,,,96,,true,true,
25e62ce7-8bbf-421e-a271-d48bec974668,2637962,3,,96,,81,,,,81,,true,true,
2a7bec4a-4f98-41f5-a71f-65b436402d82,2637963,1,sunset,1079,Sentinels,96,G2 Esports,13,8,1079,attacker,true,true,21
912fccf9-db18-4fa5-9807-b1ab9ace1e8d,2637963,2,breeze,1079,Sentinels,96,G2 Esports,9,13,96,defender,true,true,22
3d5eab91-9ef7-4410-b996-8463dc2fe880,2637963,3,split,1079,Sentinels,96,G2 Esports,9,13,96,defender,true,true,22
853d7d7b-ce26-4e8a-b94a-857e06aa3b48,2629405,1,,281,,3412,,,,281,,true,true,
37a34983-cc05-4f3c-9eb0-412740871f95,2629405,2,,281,,3412,,,,3412,,true,true,
a11f871b-5065-4e1b-be48-4c1c4243bb2e,2629405,3,,281,,3412,,,,3412,,true,true,
6638a4db-ac35-4d4a-be20-4984d4a400c3,2629406,1,,97,,1079,,,,1079,,true,true,
86427b27-9b79-42c6-b998-e7ed2a60725e,2629406,2,,97,,1079,,,,97,,true,true,
80fde6d4-c501-49d0-81dc-731205510b81,2629406,3,,97,,1079,,,,1079,,true,true,
a4613aad-0f74-4920-b3ae-40c580081e63,2629407,1,,1079,,3412,,,,1079,,true,true,
faa7baf3-d75c-4f63-a6b3-26c868e7c662,2629407,2,,1079,,3412,,,,1079,,true,true,
a0a0082a-6771-4599-9ed3-35cbf9c92f03,2629407,3,,1079,,3412,,,,3412,,true,true,
81d822bb-688b-4dae-9a8e-52fe30bda288,2629407,4,,1079,,3412,,,,3412,,true,true,
acd6fecd-ec7a-49a7-830e-8f57372cadc1,2629407,5,,1079,,3412,,,,1079,,true,true,
f493ae92-1c47-4ff7-9785-ecb193511d72,2748743,1,split,281,Evil Geniuses,3412,LOUD (1),12,14,3412,defender,true,true,26
911f55f4-b1a3-4cb8-ba4c-3c100d7b4245,2748743,2,pearl,281,Evil Geniuses,3412,LOUD (1),10,13,3412,defender,true,true,23
8d83929e-47cb-49d8-8307-7cffb832e1d7,2748744,1,lotus,81,MIBR (1),337,100 Thieves,4,13,337,defender,true,true,17
1eb0c429-4511-4516-b23c-33aed7cc6eed,2748744,2,bind,81,MIBR (1),337,100 Thieves,9,13,337,attacker,true,true,22
e30a6206-cd5a-4d47-866c-42debcd5cffe,2748745,1,haven,53367,2GAME eSports,99,FURIA,7,13,99,defender,true,true,20
39ed5c37-3b48-40f6-a7e5-f47dd433ce3d,2748745,2,lotus,53367,2GAME eSports,99,FURIA,5,13,99,attacker,true,true,18
7c6d677a-1429-4e83-af6c-539ff3ea762b,2748746,1,fracture,97,NRG,79,Cloud9,12,14,79,defender,true,true,26
67293f23-ec04-4774-a105-9fcb6afdca81,2748746,2,lotus,97,NRG,79,Cloud9,10,13,79,attacker,true,true,23
7e6c8f26-2f07-4cac-9204-3ead7102ea28,2748747,1,haven,3412,LOUD (1),48457,KRÜ Esports,13,7,3412,defender,true,true,20
4b6aab5f-4e85-4454-b24e-0aafdb022771,2748747,2,split,3412,LOUD (1),48457,KRÜ Esports,13,10,3412,defender,true,true,23
e9343429-3dcc-4633-a28b-585ff4b33c2e,2748748,1,split,337,100 Thieves,1079,Sentinels,13,4,337,defender,true,true,17
a254587d-54e4-409c-aede-94c0716cb081,2748748,2,bind,337,100 Thieves,1079,Sentinels,9,13,1079,defender,true,true,22
eccfa3ca-bb4e-4cf0-aabc-57cf950b80bc,2748748,3,pearl,337,100 Thieves,1079,Sentinels,9,13,1079,attacker,true,true,22
5f11d22a-f433-4b50-99ca-c3f7dfc98f28,2748749,1,haven,99,FURIA,1611,Leviatán Esports,8,13,1611,defender,true,true,21
92a90ade-5d3d-4a6d-9d85-61911f683a32,2748749,2,split,99,FURIA,1611,Leviatán Esports,6,13,1611,defender,true,true,19
c69a55a2-9c9e-48a9-87db-cbc557a830cd,2748750,1,lotus,79,Cloud9,96,G2 Esports,6,13,96,attacker,true,true,19
36bbcd37-1b30-48da-bb7a-a034ccde5b93,2748750,2,abyss,79,Cloud9,96,G2 Esports,8,13,96,attacker,true,true,21
e576d270-d705-4766-a5a7-95d9b1c11938,2748753,1,,99,,281,,,,281,,true,true,
683d30f2-c922-4e33-9322-d4935716a37f,2748753,2,,99,,281,,,,281,,true,true,
fffb6bf4-549b-445a-a680-90eb1a524221,2748754,1,,79,,81,,,,79,,true,true,
eaa69e6f-120e-4ae2-8b3d-ff6505901d09,2748754,2,,79,,81,,,,81,,true,true,
6dd3463a-1ec3-4be3-aaa2-0058b288b4bd,2748754,3,,79,,81,,,,81,,true,true,
d8f119b7-cee6-4462-9583-71ff3cf5ca40,2748755,1,,337,,97,,,,337,,true,true,
2cd917f8-c314-4e11-8975-2d00933db5e8,2748755,2,,337,,97,,,,97,,true,true,
ec19584c-9d16-42ce-ad28-4cf543effeaf,2748755,3,,337,,97,,,,97,,true,true,
a17b7adb-6ce1-4c43-bede-5f8bd1fc1be5,2748756,1,,48457,,53367,,,,48457,,true,true,
977cc895-9397-4b61-8f7c-e019f70cb2da,2748756,2,,48457,,53367,,,,48457,,true,true,
a12af5a7-e246-4ae6-be7b-38b9ff203fb1,2748757,1,,1079,,3412,,,,3412,,true,true,
1be875ad-f1a7-4899-b8f0-617e87a172c4,2748757,2,,1079,,3412,,,,1079,,true,true,
ed792237-d7b6-4f13-bad7-4afdf81112f1,2748757,3,,1079,,3412,,,,1079,,true,true,
26f8f032-c88d-4487-b369-c9cae99fd25a,2748758,1,,1611,,96,,,,96,,true,true,
82f6ebed-0401-44c6-893f-63c1741e6499,2748758,2,,1611,,96,,,,96,,true,true,
f07d15a3-71c9-4976-b116-b7390edd1069,2748759,1,,81,,281,,,,81,,true,true,
d670d82d-db75-4421-88a7-783dd1855852,2748759,2,,81,,281,,,,81,,true,true,
e41622b0-22f7-4f3f-a7e6-8e4f88ced81a,2748760,1,,48457,,97,,,,48457,,true,true,
fc9f010d-cb52-4453-95b6-f5489d8ad3c1,2748760,2,,48457,,97,,,,97,,true,true,
b59d5597-f6e8-492d-b680-ec8d2966c9bd,2748760,3,,48457,,97,,,,48457,,true,true,
74181cbb-5614-4e7b-97c2-f37a41eab122,2748761,1,,81,,1611,,,,1611,,true,true,
7b661114-27d5-4159-a1ed-f3b0fb14a01a,2748761,2,,81,,1611,,,,81,,true,true,
a50c3e7a-d2a2-4eaa-a84e-0b189ce207bc,2748761,3,,81,,1611,,,,81,,true,true,
1a847075-08db-4831-9d56-763fcddc2403,2748762,1,,48457,,3412,,,,48457,,true,true,
95cffade-b639-49aa-adb5-4d310bcec827,2748762,2,,48457,,3412,,,,48457,,true,true,
dcfa8ab3-3510-430a-ba9c-4e53c9eed8e1,2748763,1,abyss,96,G2 Esports,1079,Sentinels,13,7,96,attacker,true,true,20
968b7d65-6966-4c62-8cbb-da1fa4d2aa2c,2748763,2,pearl,96,G2 Esports,1079,Sentinels,13,7,96,defender,true,true,20
02a970c8-2081-4843-83de-cf56f95de820,2748764,1,bind,48457,KRÜ Esports,81,MIBR (1),13,8,48457,attacker,true,true,21
e53757cd-60af-4260-8ed1-d708348a173c,2748764,2,abyss,48457,KRÜ Esports,81,MIBR (1),8,13,81,attacker,true,true,21
2ddb8dae-0ce4-41c0-a21b-67aa6e3a135d,2748764,3,split,48457,KRÜ Esports,81,MIBR (1),11,13,81,defender,true,true,24
fd60215e-32cd-475d-bba3-fe9fa741a952,2748765,1,lotus,81,MIBR (1),1079,Sentinels,7,13,1079,attacker,true,true,20
28e9e484-a040-4ccb-92ba-99b5ff586386,2748765,2,abyss,81,MIBR (1),1079,Sentinels,5,13,1079,defender,true,true,18
f3a3f70a-319e-4382-adfb-09030cd3fb9e,2748765,3,pearl,81,MIBR (1),1079,Sentinels,21,19,81,defender,true,true,40
fb82d007-0363-495c-b606-3ee4db06e012,2748765,4,split,81,MIBR (1),1079,Sentinels,7,13,1079,defender,true,true,20
d3f5418e-a64f-46ed-80aa-01226799b07d,2748766,1,split,1079,Sentinels,96,G2 Esports,13,4,1079,defender,true,true,17
68bb681c-15c0-4b6d-b9e5-ffbdf49bfbf1,2748766,2,pearl,1079,Sentinels,96,G2 Esports,8,13,96,attacker,true,true,21
36e8dca6-6f5a-4b5d-a81c-4bcd9ef5d627,2748766,3,abyss,1079,Sentinels,96,G2 Esports,13,9,1079,attacker,true,true,22
7fc33d9b-f343-4345-aa97-1b0743180eb2,2748766,4,fracture,1079,Sentinels,96,G2 Esports,5,13,96,defender,true,true,18
3c038c28-3080-4730-a6da-7941e84381ac,2748766,5,haven,1079,Sentinels,96,G2 Esports,10,13,96,attacker,true,true,23
cd522dc0-5ec9-41b7-ac8d-f3d7b5c1d279,2654000,1,lotus,79,Cloud9,96,G2 Esports,6,13,96,defender,true,true,19
763e4073-e01e-4a09-8743-6fcbf2c2d9e8,2654000,2,ascent,79,Cloud9,96,G2 Esports,13,15,96,defender,true,true,28
bb5635ac-bc43-412f-8a40-c688f88e84cb,2654001,1,bind,337,100 Thieves,3412,LOUD (1),13,6,337,defender,true,true,19
a417c9ca-3598-470d-9730-8d13f02ec81a,2654001,2,icebox,337,100 Thieves,3412,LOUD (1),13,4,337,defender,true,true,17
1852c76c-6c74-4f6c-a56c-542a7d96add0,2654002,1,icebox,96,G2 Esports,48457,KRÜ Esports,13,5,96,defender,true,true,18
c881a53b-abc2-4d63-af9c-c53b2d6c073b,2654002,2,ascent,96,G2 Esports,48457,KRÜ Esports,13,8,96,attacker,true,true,21
192467c7-4d6d-44c0-9a0f-250515139ad7,2654003,1,bind,337,100 Thieves,1611,Leviatán Esports,13,3,337,defender,true,true,16
5c0033f6-1a30-42bb-a09a-ca61b470feb9,2654003,2,sunset,337,100 Thieves,1611,Leviatán Esports,12,14,1611,defender,true,true,26
aa49b741-d494-4a05-a4b0-5c79cfd6b0ac,2654003,3,icebox,337,100 Thieves,1611,Leviatán Esports,13,10,337,defender,true,true,23
f08e1ac0-c575-4ba7-b1de-e7caf6dd202f,2654004,1,ascent,337,100 Thieves,96,G2 Esports,13,5,337,defender,true,true,18
94d44dbc-2e44-4393-915b-205598370f0b,2654004,2,bind,337,100 Thieves,96,G2 Esports,8,13,96,attacker,true,true,21
6ba8e10f-779f-4982-8c09-dbd6d5982ea4,2654004,3,split,337,100 Thieves,96,G2 Esports,13,11,337,attacker,true,true,24
4c7f787a-596f-44f5-9e40-0f71661387d0,2654005,1,lotus,1611,Leviatán Esports,48457,KRÜ Esports,6,13,48457,defender,true,true,19
95c67cfb-b66a-490b-b46f-a50419a79897,2654005,2,icebox,1611,Leviatán Esports,48457,KRÜ Esports,13,11,1611,attacker,true,true,24
908e0f76-6bdf-4359-af7b-0fb23fd0f98f,2654005,3,sunset,1611,Leviatán Esports,48457,KRÜ Esports,13,8,1611,defender,true,true,21
6e090973-12d4-4499-9825-6dc4e641a52b,2654012,1,bind,1611,Leviatán Esports,96,G2 Esports,14,12,1611,attacker,true,true,26
a7cf11d8-d64b-41bc-9807-62e91dac343b,2654012,2,breeze,1611,Leviatán Esports,96,G2 Esports,7,13,96,attacker,true,true,20
bbbd79ad-0fd2-4f3f-ad97-1d9b50437a4b,2654012,3,icebox,1611,Leviatán Esports,96,G2 Esports,14,12,1611,attacker,true,true,26
373f081d-edba-4aed-b378-bf4d7568902e,2654012,4,lotus,1611,Leviatán Esports,96,G2 Esports,10,13,96,defender,true,true,23
932904bd-40ab-409d-973e-5c827b76336d,2654012,5,ascent,1611,Leviatán Esports,96,G2 Esports,11,13,96,defender,true,true,24
07e14580-ba7e-433d-89a3-74829c2688e8,2654052,1,bind,96,G2 Esports,337,100 Thieves,9,13,337,defender,true,true,22
4242545a-2c5f-4d0f-8239-63b2102cdb36,2654052,2,breeze,96,G2 Esports,337,100 Thieves,7,13,337,attacker,true,true,20
a3829f99-0642-4cc6-8007-bc207a2efed8,2654052,3,sunset,96,G2 Esports,337,100 Thieves,8,13,337,attacker,true,true,21
4643965f-3e18-4a2a-9f89-21bd9858b2da,2653969,1,icebox,79,Cloud9,1611,Leviatán Esports,7,13,1611,defender,true,true,20
6fead2de-0fb4-470a-8919-95774257f533,2653969,2,sunset,79,Cloud9,1611,Leviatán Esports,13,7,79,defender,true,true,20
9ff33c59-9e3e-412a-b015-01881a79eb59,2653969,3,ascent,79,Cloud9,1611,Leviatán Esports,18,16,79,defender,true,true,34
75c3d8a2-3095-40b8-8cbe-a48dc5844788,2653970,1,breeze,97,NRG,3412,LOUD (1),13,10,97,defender,true,true,23
5ca11bd6-e218-4a6c-9427-00e7badce91b,2653970,2,sunset,97,NRG,3412,LOUD (1),13,2,97,attacker,true,true,15
f8c3e88f-cc2a-415d-bf6d-bcfb5248e727,2653972,1,lotus,96,G2 Esports,281,Evil Geniuses,13,8,96,defender,true,true,21
fe03185a-024e-48a8-a378-2c0a7a8a64e3,2653972,2,icebox,96,G2 Esports,281,Evil Geniuses,13,3,96,defender,true,true,16
2bbb4c72-0036-4d88-b13a-43b86bc5b29d,2653973,1,icebox,1079,Sentinels,337,100 Thieves,13,10,1079,defender,true,true,23
d22aabdb-c9d2-4c94-a2fe-43a84c1b5ffc,2653973,2,split,1079,Sentinels,337,100 Thieves,13,6,1079,attacker,true,true,19
1d75b223-64a3-46e9-8ad8-89d4de11044a,2653974,1,lotus,48457,KRÜ Esports,99,FURIA,13,7,48457,attacker,true,true,20
15aba0eb-0241-4525-8138-098143330bc8,2653974,2,icebox,48457,KRÜ Esports,99,FURIA,11,13,99,defender,true,true,24
40be6139-32f9-4bff-9cef-14aed306f587,2653974,3,breeze,48457,KRÜ Esports,99,FURIA,13,7,48457,defender,true,true,20
b5729ab0-3c59-45cd-8837-6222f10fca65,2653975,1,bind,96,G2 Esports,337,100 Thieves,9,13,337,defender,true,true,22
848c92f4-3b64-4105-b6fc-b80bc28c9b0f,2653975,2,split,96,G2 Esports,337,100 Thieves,8,13,337,attacker,true,true,21
c2440b95-ce02-4b30-aac7-ff1ffbcb80e9,2653976,1,lotus,1079,Sentinels,1611,Leviatán Esports,17,19,1611,defender,true,true,36
4ac2a86d-bb20-40dd-ac59-ef5b4a0d0f25,2653976,2,icebox,1079,Sentinels,1611,Leviatán Esports,11,13,1611,defender,true,true,24
d78544b9-d29f-4dea-b8df-eca35acd35d3,2653977,1,icebox,48457,KRÜ Esports,81,MIBR (1),13,6,48457,attacker,true,true,19
8913b6ef-a2bf-48a3-9516-ff831d0bb32d,2653977,2,sunset,48457,KRÜ Esports,81,MIBR (1),13,8,48457,defender,true,true,21
0ca44b38-54c7-433b-8c67-d3edf7991274,2653978,1,split,97,NRG,99,FURIA,13,2,97,attacker,true,true,15
7b96ee77-9af9-4348-b24d-254028cba8a2,2653978,2,breeze,97,NRG,99,FURIA,13,8,97,defender,true,true,21
8a61c304-f1a9-4773-9111-ab7b6bd406f8,2653979,1,lotus,79,Cloud9,281,Evil Geniuses,9,13,281,defender,true,true,22
a38b7327-581a-4fde-9cc8-c8b9c41bc5f5,2653979,2,sunset,79,Cloud9,281,Evil Geniuses,13,8,79,attacker,true,true,21
32488820-9b98-428b-928c-0fc640077089,2653979,3,split,79,Cloud9,281,Evil Geniuses,13,4,79,defender,true,true,17
751ec5c5-e3bf-4e5d-8257-415f902b2c90,2653980,1,lotus,1079,Sentinels,81,MIBR (1),13,3,1079,defender,true,true,16
95712ade-7574-4291-b5be-d4b999a40032,2653980,2,bind,1079,Sentinels,81,MIBR (1),13,7,1079,attacker,true,true,20
4d43b00d-bafd-401e-8a2a-a2b9bd516c06,2653981,1,bind,79,Cloud9,3412,LOUD (1),11,13,3412,defender,true,true,24
712fb2e7-6dd2-487c-b20d-91a29fcb7f2b,2653981,2,icebox,79,Cloud9,3412,LOUD (1),13,4,79,attacker,true,true,17
6eb1d3d5-c083-4d95-b13f-4441c628e0a2,2653981,3,lotus,79,Cloud9,3412,LOUD (1),13,9,79,attacker,true,true,22
70c15445-5f84-4c36-a44a-af848f6b8ae1,2653982,1,lotus,48457,KRÜ Esports,281,Evil Geniuses,13,5,48457,attacker,true,true,18
9cf7b90c-51fe-4d8e-aed0-808d7749973b,2653982,2,breeze,48457,KRÜ Esports,281,Evil Geniuses,13,9,48457,defender,true,true,22
e7039f62-34d5-4974-858c-c852677d3c4d,2653983,1,sunset,97,NRG,1611,Leviatán Esports,4,13,1611,attacker,true,true,17
f0bf8623-a619-4d40-b7b2-e5a8662e533a,2653983,2,bind,97,NRG,1611,Leviatán Esports,4,13,1611,attacker,true,true,17
4ec0f1c0-dfbf-4533-8f86-5c7e8673e7ed,2653984,1,lotus,96,G2 Esports,99,FURIA,13,3,96,attacker,true,true,16
2e8e786e-d906-49c1-b5c3-a76592fe78cb,2653984,2,icebox,96,G2 Esports,99,FURIA,13,3,96,defender,true,true,16
d10dd165-9ffc-4add-9093-2de0cab3e8b5,2653985,1,bind,79,Cloud9,337,100 Thieves,7,13,337,attacker,true,true,20
a6da2cbb-8bbd-43bf-9225-8edc4ca9fc4a,2653985,2,ascent,79,Cloud9,337,100 Thieves,6,13,337,attacker,true,true,19
875600d4-44e3-4de6-9fcd-6e922d57763a,2653986,1,lotus,1079,Sentinels,281,Evil Geniuses,13,10,1079,defender,true,true,23
ed91744d-7be5-45a0-b0c3-342374e3d930,2653986,2,bind,1079,Sentinels,281,Evil Geniuses,11,13,281,attacker,true,true,24
37beb0e4-fd15-4166-a427-6c79b1186b8f,2653986,3,sunset,1079,Sentinels,281,Evil Geniuses,10,13,281,attacker,true,true,23
e9715d1a-1595-4f67-a018-eadaaee55a8c,2653987,1,split,97,NRG,81,MIBR (1),13,9,97,attacker,true,true,22
644d755d-6b64-49aa-ab4e-cbc4515003f7,2653987,2,breeze,97,NRG,81,MIBR (1),13,3,97,defender,true,true,16
bd70cd3b-b0f8-466b-8dd4-5fbd72d275dd,2653988,1,breeze,96,G2 Esports,1611,Leviatán Esports,6,13,1611,attacker,true,true,19
8e73ed4a-c7b3-47d7-8cd6-0797f74b07e1,2653988,2,icebox,96,G2 Esports,1611,Leviatán Esports,13,8,96,defender,true,true,21
7f819353-6fd8-45c1-b499-2017618cdce6,2653988,3,lotus,96,G2 Esports,1611,Leviatán Esports,9,13,1611,defender,true,true,22
7ee9f9ea-2133-4016-a205-5383aa6018c5,2653989,1,,48457,,3412,,,,48457,,true,true,
4333af9f-8a31-4e40-b362-4baf5d13e79a,2653989,2,,48457,,3412,,,,48457,,true,true,
f9b8a224-54f6-44bc-b5c8-7695581c2236,2653990,1,,96,,81,,,,96,,true,true,
198db0d6-3b2f-461d-8853-e5ad3e20beea,2653990,2,,96,,81,,,,96,,true,true,
ec8e3981-a012-4314-a22b-4fd68152de86,2653991,1,,1079,,3412,,,,3412,,true,true,
50d6dab9-3855-4732-a1f6-a8fdd27984d8,2653991,2,,1079,,3412,,,,3412,,true,true,
20321a46-2e96-4564-bef9-08d110c326f3,2653992,1,,79,,99,,,,99,,true,true,
f43e3dfb-228f-46b9-97e4-655018b94e25,2653992,2,,79,,99,,,,79,,true,true,
00f2bb70-21fe-42fd-93bc-404a92eb4ccf,2653992,3,,79,,99,,,,79,,true,true,
230795cf-6b93-4a9e-998c-6ec401fe53b7,2653993,1,,97,,281,,,,281,,true,true,
a607a54a-4dcd-42d2-b716-e716071bc465,2653993,2,,97,,281,,,,97,,true,true,
9efcca96-5b7c-4d2d-9076-90e962039aca,2653993,3,,97,,281,,,,281,,true,true,
39d7a453-6d9a-4133-ba00-ffcce4adfcf3,2653994,1,,48457,,337,,,,48457,,true,true,
70b2de4e-71ed-4827-b1fa-aefe613a9a04,2653994,2,,48457,,337,,,,337,,true,true,
27dac0cc-8c46-4985-b4e1-7097f8db90d6,2653994,3,,48457,,337,,,,48457,,true,true,
b557caee-9a37-428f-bc20-1322f5856f11,2653995,1,,1079,,99,,,,1079,,true,true,
d64e098d-7b48-484d-9e3d-f15326caa5bc,2653995,2,,1079,,99,,,,1079,,true,true,
9c4fada3-07d9-4688-a887-3ce74fb8078b,2653996,1,,97,,337,,,,337,,true,true,
e6c6db66-f676-4ecb-b4e4-b43746928c4f,2653996,2,,97,,337,,,,337,,true,true,
91ff0232-41a8-4856-aaff-e9a640f73211,2653997,1,,48457,,1611,,,,1611,,true,true,
d2f99a24-3fb9-4eae-9424-a0cd119d154a,2653997,2,,48457,,1611,,,,48457,,true,true,
7e2bd628-7d64-4561-887a-ae53df442dcb,2653997,3,,48457,,1611,,,,1611,,true,true,
7100405e-07a0-4785-a3e1-286a646484d6,2653998,1,,79,,81,,,,79,,true,true,
2e04faa5-527e-41c8-bf11-df5840551c11,2653998,2,,79,,81,,,,79,,true,true,
9be9aa30-b1b7-4d33-a21a-babdd3a43994,2653999,1,bind,96,G2 Esports,3412,LOUD (1),11,13,3412,defender,true,true,24
35fa2b2b-88d4-4af9-bda3-d04ada01ceb4,2653999,2,icebox,96,G2 Esports,3412,LOUD (1),4,13,3412,attacker,true,true,17
ec50a5f1-50cf-4882-a3ef-c70e314cffd1,2775983,1,split,81,MIBR (1),337,100 Thieves,13,10,81,attacker,true,true,23
17304074-aa74-4e59-bd77-8889809b7e92,2775983,2,icebox,81,MIBR (1),337,100 Thieves,13,4,81,defender,true,true,17
f590dc69-e5fe-4c72-89ff-7735d5b93d9d,2775984,1,ascent,1079,Sentinels,79,Cloud9,13,9,1079,defender,true,true,22
e9237108-ba35-4ed2-b431-23a43f2b070c,2775984,2,pearl,1079,Sentinels,79,Cloud9,13,9,1079,attacker,true,true,22
932bd0f8-184b-471a-ba0c-c408bef7e3f5,2775985,1,fracture,337,100 Thieves,97,NRG,13,5,337,defender,true,true,18
06ba8d23-47ee-448b-a906-40dae02b614f,2775985,2,haven,337,100 Thieves,97,NRG,13,11,337,attacker,true,true,24
721a4466-7ea1-4067-bf01-02be2f4493b4,2775986,1,fracture,79,Cloud9,281,Evil Geniuses,9,13,281,attacker,true,true,22
dcf63170-3d1a-4e86-bd97-b33b28deabea,2775986,2,icebox,79,Cloud9,281,Evil Geniuses,13,15,281,defender,true,true,28
eb97617e-5737-4fdf-a248-5a3b04d0b824,2775987,1,lotus,81,MIBR (1),48457,KRÜ Esports,13,8,81,attacker,true,true,21
f7e89ffb-c048-4a28-a179-8ba351d4af40,2775987,2,icebox,81,MIBR (1),48457,KRÜ Esports,13,5,81,attacker,true,true,18
22bb6096-8b8d-460c-8f76-11006184e573,2775988,1,split,1079,Sentinels,96,G2 Esports,5,13,96,defender,true,true,18
0090f853-9c8e-485a-ad16-7b1e7b9bccc4,2775988,2,icebox,1079,Sentinels,96,G2 Esports,13,11,1079,attacker,true,true,24
52948b3a-3f92-4983-9892-2ca1e65ee667,2775988,3,ascent,1079,Sentinels,96,G2 Esports,13,11,1079,defender,true,true,24
78ae85fc-7148-4d17-a5b9-a4ed3722281e,2775989,1,lotus,48457,KRÜ Esports,281,Evil Geniuses,12,14,281,attacker,true,true,26
4f12a259-d492-4c9d-a643-6d7a232bfda0,2775989,2,icebox,48457,KRÜ Esports,281,Evil Geniuses,11,13,281,defender,true,true,24
822a19a9-37dd-408d-a409-fe5ab3bfc17a,2775990,1,haven,96,G2 Esports,337,100 Thieves,13,4,96,attacker,true,true,17
8f49f159-3991-4128-9b63-c1e24f5be669,2775990,2,split,96,G2 Esports,337,100 Thieves,12,14,337,attacker,true,true,26
5d573b2f-a0ef-48d7-8a16-4d5bfcd83a7d,2775990,3,pearl,96,G2 Esports,337,100 Thieves,16,14,96,attacker,true,true,30
d47c5689-1ce0-4e1f-893b-a0337c80697e,2775991,1,lotus,1079,Sentinels,81,MIBR (1),13,7,1079,attacker,true,true,20
e7166237-04f0-432d-ac5b-e561a21b971d,2775991,2,split,1079,Sentinels,81,MIBR (1),13,11,1079,defender,true,true,24
80e672bb-e6e6-477c-886b-836a18c00ff8,2775992,1,lotus,281,Evil Geniuses,96,G2 Esports,13,9,281,attacker,true,true,22
239fa10b-4e58-48c1-97c0-edeb9cc0b720,2775992,2,split,281,Evil Geniuses,96,G2 Esports,7,13,96,defender,true,true,20
4ce1599c-dbee-4be0-a0ce-16fdcb7f6adf,2775992,3,pearl,281,Evil Geniuses,96,G2 Esports,11,13,96,attacker,true,true,24
c710502a-e4c3-49b3-b4c2-5f4d58b980f8,2775993,1,haven,96,G2 Esports,81,MIBR (1),10,13,81,attacker,true,true,23
ce9bb129-3b89-4f7f-9d15-fb5a632a2991,2775993,2,lotus,96,G2 Esports,81,MIBR (1),15,13,96,defender,true,true,28
09078b6d-e405-4cd8-9956-0e807f2d9a01,2775993,3,split,96,G2 Esports,81,MIBR (1),13,10,96,defender,true,true,23
a722e7c7-3ede-48f7-b427-703c95befcc3,2775993,4,ascent,96,G2 Esports,81,MIBR (1),13,8,96,attacker,true,true,21
095227c4-d2e0-4b7f-8a73-c6d68031765a,2775994,1,haven,96,G2 Esports,1079,Sentinels,13,9,96,defender,true,true,22
4a2a1e87-815d-47e1-897f-cf8e319c13f2,2775994,2,split,96,G2 Esports,1079,Sentinels,13,9,96,attacker,true,true,22
8fa3b2ff-a211-49c9-a1cb-25acb8708ba7,2775994,3,pearl,96,G2 Esports,1079,Sentinels,10,13,1079,defender,true,true,23
f816e606-ea36-481e-8688-833dba794baa,2775994,4,ascent,96,G2 Esports,1079,Sentinels,13,10,96,attacker,true,true,23
bbf09287-3e93-47e6-bef7-a925974b9ad1,2775954,1,fracture,48457,KRÜ Esports,3412,LOUD (1),3,13,3412,defender,true,true,16
92d54244-b7ac-480e-be5c-ae8818cfc0dc,2775954,2,haven,48457,KRÜ Esports,3412,LOUD (1),13,2,48457,defender,true,true,15
3bcdfc90-e969-4887-8f3c-c7e127516051,2775954,3,split,48457,KRÜ Esports,3412,LOUD (1),13,10,48457,defender,true,true,23
34dcaac0-63e2-4d55-b933-5b8ccd8bd087,2775957,1,,53367,,281,,,,281,,true,true,
cc397829-82ff-4a66-99b9-8198b61b4ec6,2775957,2,,53367,,281,,,,281,,true,true,
27820e18-e82c-4e11-9096-e70ad7ecd485,2775958,1,,1079,,337,,,,1079,,true,true,
0f1ac7d9-934c-4078-84de-200438242be0,2775958,2,,1079,,337,,,,337,,true,true,
2d8272f5-d27a-4418-91aa-10cacef066bd,2775958,3,,1079,,337,,,,1079,,true,true,
876bca3e-32c9-4cc7-8e0b-d42b434af10c,2775960,1,,1079,,48457,,,,48457,,true,true,
57255755-56e5-4b27-8048-36287e620672,2775960,2,,1079,,48457,,,,48457,,true,true,
40557d53-730c-48ae-9dad-e75f87f01a52,2775961,1,,337,,281,,,,337,,true,true,
eee0798e-6267-4a8e-9048-020b357aa789,2775961,2,,337,,281,,,,337,,true,true,
878e12e4-2467-472a-ab7f-59e3af035968,2775963,1,,3412,,53367,,,,53367,,true,true,
6c85d968-61b0-45a6-8535-d340dd3876e0,2775963,2,,3412,,53367,,,,53367,,true,true,
bd2b6157-6770-477b-bf6e-584dea753841,2775966,1,,337,,3412,,,,3412,,true,true,
0e07a2cf-3ed1-4cb3-a291-5b9025f677c4,2775966,2,,337,,3412,,,,337,,true,true,
eb80ff3a-bb08-430b-8562-cc92866ea3b0,2775966,3,,337,,3412,,,,337,,true,true,
bc62ba04-9021-4ce2-9eb1-7d34982d5fa5,2775967,1,,53367,,48457,,,,48457,,true,true,
4992e964-5150-4c89-9ae5-99c43a2847ec,2775967,2,,53367,,48457,,,,53367,,true,true,
596e4dcf-84ff-49ad-81f3-eef1dc8dd6f2,2775967,3,,53367,,48457,,,,48457,,true,true,
82e93b30-c089-420e-81e3-a5ef6f85366b,2775971,1,,337,,53367,,,,337,,true,true,
fecdc9af-09db-452b-b64d-2d4ec16dcc43,2775971,2,,337,,53367,,,,337,,true,true,
63a9e109-85e8-49c8-8f93-3ddecb05fc20,2775974,1,,1079,,3412,,,,1079,,true,true,
473d3d17-a6c2-4fd3-ba10-b03c3f8c910c,2775974,2,,1079,,3412,,,,3412,,true,true,
63724fa2-0923-4d34-8bc9-fe4bdf67186c,2775974,3,,1079,,3412,,,,1079,,true,true,
68bfadc5-8533-4aa2-943d-aca10ac8a124,2775975,1,,48457,,281,,,,281,,true,true,
34396a34-0bcb-4a21-a1fa-143f70d9c8f3,2775975,2,,48457,,281,,,,281,,true,true,
c917c878-5459-40e8-8d25-dda4404624b9,2775979,1,haven,1079,Sentinels,53367,2GAME eSports,13,4,1079,attacker,true,true,17
e04002c9-277b-485c-94ff-2cc48dd94592,2775979,2,pearl,1079,Sentinels,53367,2GAME eSports,13,5,1079,defender,true,true,18
0ec5e952-b03f-4aec-92c4-8bc253c51177,2775980,1,fracture,48457,KRÜ Esports,337,100 Thieves,13,10,48457,attacker,true,true,23
e763903a-caf9-4bca-a999-691d1feae31c,2775980,2,icebox,48457,KRÜ Esports,337,100 Thieves,13,9,48457,attacker,true,true,22
84fc0c04-1c1e-47f1-8865-52a48f864a3b,2775981,1,lotus,281,Evil Geniuses,3412,LOUD (1),11,13,3412,attacker,true,true,24
df086c97-482f-4af5-8575-e667403e9a55,2775981,2,pearl,281,Evil Geniuses,3412,LOUD (1),14,12,281,attacker,true,true,26
08c5bf4e-f883-405a-b2c2-d5661c9f3e14,2775981,3,split,281,Evil Geniuses,3412,LOUD (1),13,11,281,attacker,true,true,24
4d2f9f28-398f-438c-8d2f-46a430c8b10f,2789396,1,haven,281,Evil Geniuses,1079,Sentinels,4,13,1079,defender,true,true,17
38e746ea-9f0c-4287-bd52-921eeb66afda,2789396,2,pearl,281,Evil Geniuses,1079,Sentinels,6,13,1079,attacker,true,true,19
8eea6ab2-3dc4-4fe1-9f01-028b0b8589bd,2775953,1,lotus,79,Cloud9,97,NRG,6,13,97,attacker,true,true,19
b290b828-6dde-4978-9b99-c0e78ae0c77a,2775953,2,fracture,79,Cloud9,97,NRG,13,5,79,defender,true,true,18
47f8d2db-a64b-4698-b865-c7b790591149,2775953,3,pearl,79,Cloud9,97,NRG,13,9,79,defender,true,true,22
03d68365-f62c-473c-95a1-4aa1dff0367c,2775955,1,lotus,96,G2 Esports,99,FURIA,13,10,96,defender,true,true,23
102b780b-de11-4049-a334-8069daaa8aef,2775955,2,ascent,96,G2 Esports,99,FURIA,13,7,96,attacker,true,true,20
eb7b4a14-e70c-47a6-8ab4-443ed2c65bae,2775956,1,split,1611,Leviatán Esports,81,MIBR (1),7,13,81,defender,true,true,20
3726169b-07ea-4aa3-83df-3b33c0fec447,2775956,2,icebox,1611,Leviatán Esports,81,MIBR (1),8,13,81,attacker,true,true,21
da064a14-63df-4d60-b0cd-2268fd677294,2775959,1,lotus,97,NRG,99,FURIA,10,13,99,defender,true,true,23
43d9c878-46e0-45ba-aad2-1404129d1823,2775959,2,pearl,97,NRG,99,FURIA,13,2,97,attacker,true,true,15
393de77c-90eb-438e-9486-639ff2bf41aa,2775959,3,fracture,97,NRG,99,FURIA,13,4,97,attacker,true,true,17
51156eaa-c25e-4901-95d2-1f5f7e3f0fbc,2775962,1,pearl,96,G2 Esports,81,MIBR (1),12,14,81,defender,true,true,26
cb5e350e-e18a-426b-bfbe-90603d72f1c9,2775962,2,haven,96,G2 Esports,81,MIBR (1),13,11,96,defender,true,true,24
c107f7a8-39a2-478d-92d7-afc4e89a7f1c,2775962,3,ascent,96,G2 Esports,81,MIBR (1),13,8,96,attacker,true,true,21
5f27f062-7d66-4598-8ebd-2fe9fef9f7c2,2775964,1,split,79,Cloud9,1611,Leviatán Esports,13,8,79,attacker,true,true,21
fa35f815-092e-4631-bb06-dff91f2217a0,2775964,2,ascent,79,Cloud9,1611,Leviatán Esports,13,3,79,defender,true,true,16
e8a576ee-9560-44d3-ac33-4fd0b3df07ad,2775968,1,lotus,96,G2 Esports,97,NRG,13,1,96,defender,true,true,14
12e68607-5767-415f-b349-abba0688132f,2775968,2,ascent,96,G2 Esports,97,NRG,13,6,96,attacker,true,true,19
1f2900ac-deff-4f20-a343-9ca46a1a8f2e,2775969,1,ascent,99,FURIA,1611,Leviatán Esports,4,13,1611,attacker,true,true,17
5ce71594-de35-414f-ba2a-297f05473c58,2775969,2,pearl,99,FURIA,1611,Leviatán Esports,5,13,1611,attacker,true,true,18
6230096f-b761-461a-9b4f-805406981e6c,2775970,1,pearl,79,Cloud9,81,MIBR (1),13,9,79,defender,true,true,22
e7d5c00d-93f9-48e5-abb6-2fee1c70125f,2775970,2,lotus,79,Cloud9,81,MIBR (1),13,15,81,attacker,true,true,28
a416b309-8310-49c2-a2ca-3f8c5be72622,2775970,3,haven,79,Cloud9,81,MIBR (1),11,13,81,defender,true,true,24
d020a707-feca-44c7-a72f-7f492c637972,2775972,1,lotus,1611,Leviatán Esports,96,G2 Esports,10,13,96,attacker,true,true,23
a6a70ec5-b34e-4016-9067-54c5f462926c,2775972,2,fracture,1611,Leviatán Esports,96,G2 Esports,13,11,1611,attacker,true,true,24
823775b0-c7f5-4ee1-bfe1-eca9eb05bf86,2775972,3,haven,1611,Leviatán Esports,96,G2 Esports,7,13,96,attacker,true,true,20
7aed6afc-c5e8-4a5a-b87f-d5659ba7acb0,2775973,1,lotus,99,FURIA,79,Cloud9,14,16,79,defender,true,true,30
2f818e02-6a0f-4516-88e2-25e136a0966e,2775973,2,pearl,99,FURIA,79,Cloud9,1,13,79,attacker,true,true,14
cf3b2d75-5225-4938-b869-5dc907abd896,2775976,1,haven,97,NRG,81,MIBR (1),6,13,81,defender,true,true,19
acdef2ec-c074-4c19-b01e-31c90ee877c2,2775976,2,icebox,97,NRG,81,MIBR (1),5,13,81,attacker,true,true,18
24f97577-541c-46ac-a30c-8098635ce529,2775977,1,icebox,96,G2 Esports,79,Cloud9,13,5,96,attacker,true,true,18
7bb2e6db-6e6f-40d8-9d93-2706f10d4bb3,2775977,2,haven,96,G2 Esports,79,Cloud9,4,13,79,defender,true,true,17
fe2c0bf3-5c6c-49d4-8206-9d9d7e64891b,2775977,3,pearl,96,G2 Esports,79,Cloud9,13,11,96,attacker,true,true,24
048192f2-dd93-493b-b943-ac291debe55b,2775978,1,icebox,81,MIBR (1),99,FURIA,13,3,81,defender,true,true,16
cb66f826-0192-4950-bd53-28a5b4a874cb,2775978,2,ascent,81,MIBR (1),99,FURIA,9,13,99,defender,true,true,22
c4c1903c-13e0-456d-8e5f-6f4a0eff4b19,2775978,3,split,81,MIBR (1),99,FURIA,13,8,81,attacker,true,true,21
dd47bbd2-528c-4352-a32f-95fedd5c1396,2775982,1,fracture,97,NRG,1611,Leviatán Esports,15,13,97,attacker,true,true,28
e6fc1711-5d21-479d-9115-484951ff346d,2775982,2,icebox,97,NRG,1611,Leviatán Esports,13,8,97,attacker,true,true,21
6bb6f4c0-8625-4ee0-bfa3-f477bb5d511d,2681840,1,abyss,48457,KRÜ Esports,79,Cloud9,13,11,48457,attacker,true,true,24
b5932ad8-88f8-4626-b6de-339c4f7d673e,2681840,2,lotus,48457,KRÜ Esports,79,Cloud9,11,13,79,defender,true,true,24
67d5b287-174a-46a8-af5c-e6094c786190,2681840,3,haven,48457,KRÜ Esports,79,Cloud9,13,6,48457,defender,true,true,19
2b2ae93c-0d10-4db7-87a1-54493096bea2,2681841,1,haven,1079,Sentinels,337,100 Thieves,7,13,337,defender,true,true,20
77e06cdf-1533-4c85-8bd6-f1521e5d6e95,2681841,2,ascent,1079,Sentinels,337,100 Thieves,10,13,337,defender,true,true,23
740cb082-3c54-498d-9255-c0dd35140558,2681842,1,icebox,48457,KRÜ Esports,1611,Leviatán Esports,2,13,1611,attacker,true,true,15
e2a04da4-a190-4576-92f3-35eb2933b8af,2681842,2,sunset,48457,KRÜ Esports,1611,Leviatán Esports,4,13,1611,attacker,true,true,17
122fc792-c9cb-4d19-a241-7e0a15f721aa,2681843,1,lotus,337,100 Thieves,96,G2 Esports,5,13,96,attacker,true,true,18
2835b339-5fa5-4309-972c-3e06f4b85cf6,2681843,2,abyss,337,100 Thieves,96,G2 Esports,10,13,96,attacker,true,true,23
06f18451-66a2-4e5d-bdb1-46b3217bf668,2681844,1,icebox,96,G2 Esports,1611,Leviatán Esports,13,8,96,attacker,true,true,21
7eb81c27-9f3f-4b91-91bd-ae02e6d3ac8e,2681844,2,bind,96,G2 Esports,1611,Leviatán Esports,13,6,96,attacker,true,true,19
c441c52b-e82d-4890-b78a-5aed1bde37ef,2681845,1,icebox,337,100 Thieves,48457,KRÜ Esports,13,9,337,attacker,true,true,22
4f75a5d4-9fa7-44cc-874a-32ee238310ef,2681845,2,lotus,337,100 Thieves,48457,KRÜ Esports,11,13,48457,attacker,true,true,24
18736ff5-ebed-45d0-b453-320f5763e198,2681845,3,ascent,337,100 Thieves,48457,KRÜ Esports,11,13,48457,defender,true,true,24
8c0267eb-ca88-4788-b0ba-2d6d3e770fdc,2681846,1,icebox,48457,KRÜ Esports,1611,Leviatán Esports,3,13,1611,defender,true,true,16
a657c3e0-4dfd-409e-86fd-bd0fefa20044,2681846,2,haven,48457,KRÜ Esports,1611,Leviatán Esports,13,11,48457,attacker,true,true,24
5a3e9018-48a7-4238-9091-54d86686e263,2681846,3,sunset,48457,KRÜ Esports,1611,Leviatán Esports,13,7,48457,attacker,true,true,20
3a81076b-9bc2-4e70-8f8d-296d2eec7cd5,2681846,4,abyss,48457,KRÜ Esports,1611,Leviatán Esports,10,13,1611,attacker,true,true,23
42f11322-2575-4042-82d9-34a1fd8dd19b,2681846,5,ascent,48457,KRÜ Esports,1611,Leviatán Esports,10,13,1611,defender,true,true,23
2c1bb3d9-ee6b-4f5d-b902-404d7736d250,2681847,1,lotus,1611,Leviatán Esports,96,G2 Esports,15,13,1611,attacker,true,true,28
aae2bc4d-68e3-4868-9778-d8df0f23ff3b,2681847,2,haven,1611,Leviatán Esports,96,G2 Esports,16,14,1611,defender,true,true,30
3be9d0da-bc75-4f37-b4f6-119ef2e56dd3,2681847,3,bind,1611,Leviatán Esports,96,G2 Esports,9,13,96,defender,true,true,22
c84971ad-e3eb-46cf-bc6e-283af57b44f2,2681847,4,ascent,1611,Leviatán Esports,96,G2 Esports,13,4,1611,attacker,true,true,17
020cf554-a91d-4aa2-81f9-79287b3d5c5e,2681809,1,ascent,81,MIBR (1),1611,Leviatán Esports,9,13,1611,attacker,true,true,22
88d0fdf2-686f-4fb8-a679-36a2e26e9f3d,2681809,2,icebox,81,MIBR (1),1611,Leviatán Esports,7,13,1611,attacker,true,true,20
c1c25c9b-82bc-4a5d-bbc2-2befcd034748,2681811,1,icebox,99,FURIA,337,100 Thieves,14,12,99,attacker,true,true,26
b5989047-9486-4c74-ae17-2d28b2f7fe68,2681811,2,haven,99,FURIA,337,100 Thieves,16,14,99,attacker,true,true,30
8a4945ed-21e8-48e1-8440-5f8985b34529,2681812,1,lotus,3412,LOUD (1),281,Evil Geniuses,12,7,3412,defender,true,true,19
a70ac7a9-982b-435b-9b3d-4b1826f0ef7f,2681812,2,sunset,3412,LOUD (1),281,Evil Geniuses,6,13,281,defender,true,true,19
b3891f68-1023-4467-b245-1a17d77d6bb6,2681812,3,icebox,3412,LOUD (1),281,Evil Geniuses,11,13,281,attacker,true,true,24
09d45f03-a09e-4ba2-be4e-e7482d5334fd,2681817,1,bind,281,Evil Geniuses,99,FURIA,13,5,281,attacker,true,true,18
b74e9644-2394-49a5-bb31-4973ea728ffc,2681817,2,lotus,281,Evil Geniuses,99,FURIA,13,4,281,defender,true,true,17
87831b61-caaa-467d-bee3-9d1016b08546,2681819,1,ascent,3412,LOUD (1),81,MIBR (1),13,7,3412,defender,true,true,20
303dfa6a-8659-4d40-b8ca-bb1f7f7202ec,2681819,2,lotus,3412,LOUD (1),81,MIBR (1),11,13,81,defender,true,true,24
1183426c-c115-4085-8c22-2ba1ef6efef8,2681819,3,sunset,3412,LOUD (1),81,MIBR (1),13,9,3412,defender,true,true,22
693dc11d-c83b-4871-87c2-ae34835357ba,2681820,1,bind,1611,Leviatán Esports,337,100 Thieves,13,10,1611,defender,true,true,23
9173600a-2430-49e8-8b38-6d1964606039,2681820,2,haven,1611,Leviatán Esports,337,100 Thieves,13,4,1611,defender,true,true,17
06b91140-eaa0-41e7-b8cc-1b88f9996faf,2681823,1,icebox,281,Evil Geniuses,1611,Leviatán Esports,5,13,1611,attacker,true,true,18
6e09564c-41e4-4113-8257-3f75b148d181,2681823,2,sunset,281,Evil Geniuses,1611,Leviatán Esports,10,13,1611,attacker,true,true,23
bfe4aeb9-c40c-4e5d-8978-17d7e9aeb303,2681824,1,haven,3412,LOUD (1),99,FURIA,13,11,3412,defender,true,true,24
f441a093-83a4-4e7c-9e9f-b014868b25f4,2681824,2,icebox,3412,LOUD (1),99,FURIA,10,13,99,attacker,true,true,23
00c5b440-eee3-423b-a01c-954a8c96a7c7,2681824,3,bind,3412,LOUD (1),99,FURIA,9,13,99,defender,true,true,22
2c175eba-f724-4432-8e97-7a2f534a3a04,2681826,1,icebox,81,MIBR (1),337,100 Thieves,5,13,337,attacker,true,true,18
b0eb7b8b-8876-47b7-9504-e6cafbf5c015,2681826,2,split,81,MIBR (1),337,100 Thieves,6,13,337,attacker,true,true,19
7e2ae3c7-4b14-45e2-be90-bb4f4053531d,2681830,1,lotus,3412,LOUD (1),1611,Leviatán Esports,11,13,1611,defender,true,true,24
77029b2f-fd12-4dc5-888d-3ab4dc98c4c3,2681830,2,icebox,3412,LOUD (1),1611,Leviatán Esports,6,13,1611,attacker,true,true,19
0850cf76-ce33-4074-ad1c-a1cb37538c21,2681831,1,sunset,81,MIBR (1),99,FURIA,10,13,99,attacker,true,true,23
163a9daf-3ba6-409d-94a6-51f0c663803d,2681831,2,icebox,81,MIBR (1),99,FURIA,7,13,99,attacker,true,true,20
96d48d3b-6652-49b6-8f6a-0f8c57520591,2681834,1,,281,,337,,,,337,,true,true,
d847832a-9ee3-4271-8d8b-ae2ee330cbd5,2681834,2,,281,,337,,,,281,,true,true,
398354f7-91ca-43e7-b3ba-d38ef432139d,2681834,3,,281,,337,,,,337,,true,true,
bf469fca-de75-457d-b27a-cd2699c0fc92,2681836,1,,281,,81,,,,81,,true,true,
2fb22712-4d4f-462b-b17a-a5eebbd6fec9,2681836,2,,281,,81,,,,81,,true,true,
69af62b2-ddf6-412c-acf0-d861857363c2,2681837,1,,1611,,99,,,,1611,,true,true,
494f4d41-6272-4cf1-88a3-95cb1ebbbd04,2681837,2,,1611,,99,,,,1611,,true,true,
891825c6-dbe2-4a3e-a343-d2cdc7c009e8,2681838,1,,3412,,337,,,,337,,true,true,
ccf901fb-da3b-41da-a7d2-e4c3f8c08a1b,2681838,2,,3412,,337,,,,3412,,true,true,
a9913b51-c9a3-4d5c-a692-8dff02388eea,2681838,3,,3412,,337,,,,3412,,true,true,
dc51a4ce-6cb8-40c8-a883-d43ea3d7e8eb,2681810,1,,1079,,97,,,,1079,,true,true,
8223eaea-447d-4716-8a6f-bc667fb21202,2681810,2,,1079,,97,,,,1079,,true,true,
d2d1e2dc-ee7e-4964-b20a-2c8ac4a00c2b,2681814,1,,96,,79,,,,96,,true,true,
3bc3cdb6-a082-4fd6-be08-4dcd6f5b6fed,2681814,2,,96,,79,,,,79,,true,true,
4ae4d294-7e57-4596-bee9-606198d1b3e2,2681814,3,,96,,79,,,,96,,true,true,
da3a49df-c7e6-41c9-a8f7-c545dbbe7c6c,2681818,1,,1079,,48457,,,,1079,,true,true,
ce8fa850-eea0-4cc3-a247-19603c101e0b,2681818,2,,1079,,48457,,,,1079,,true,true,
6dafe2fa-d0b4-44b5-81fb-d45bb704a92c,2681821,1,,97,,96,,,,96,,true,true,
33d43923-b3dd-4446-8b2f-8bfa99be0ec2,2681821,2,,97,,96,,,,96,,true,true,
a1657dc5-23d0-407a-802b-061028f9338a,2681822,1,,1079,,79,,,,1079,,true,true,
d1d71309-5bb4-4de7-bd32-cce5677b1986,2681822,2,,1079,,79,,,,1079,,true,true,
693f31c2-e009-4844-8e05-e4677a07c42c,2681827,1,,97,,48457,,,,48457,,true,true,
75132963-bd2f-4621-ac5f-6b4ece792640,2681827,2,,97,,48457,,,,97,,true,true,
3d29e07e-670d-483c-b1b6-9ddd51e9d22a,2681827,3,,97,,48457,,,,97,,true,true,
0585ae05-a83d-4553-bb86-b7202c11525f,2681829,1,lotus,96,G2 Esports,48457,KRÜ Esports,4,13,48457,defender,true,true,17
f6af23d3-cec8-4abe-b47d-938be17647c2,2681829,2,ascent,96,G2 Esports,48457,KRÜ Esports,16,14,96,attacker,true,true,30
907b74f9-fa87-4a3f-8add-ebb3e33f4291,2681829,3,split,96,G2 Esports,48457,KRÜ Esports,13,5,96,attacker,true,true,18
ce934f59-12e5-4be1-af6c-21fb4bd6ad61,2681832,1,ascent,97,NRG,79,Cloud9,13,3,97,attacker,true,true,16
d350fad9-4a06-4d77-ada9-ae685c73c669,2681832,2,icebox,97,NRG,79,Cloud9,10,13,79,attacker,true,true,23
5f9b7134-fba1-4dc5-87af-1b4c7ba9416b,2681832,3,sunset,97,NRG,79,Cloud9,12,14,79,attacker,true,true,26
73de9751-6b29-4cc2-b7d5-7e709d8c3624,2681835,1,icebox,79,Cloud9,48457,KRÜ Esports,7,13,48457,defender,true,true,20
09370f4b-6cdc-4ed0-b5d0-76ca315e1535,2681835,2,split,79,Cloud9,48457,KRÜ Esports,10,13,48457,defender,true,true,23
02fd0ece-b1b9-4199-ab9f-ec7ddf3dd04d,2681839,1,bind,1079,Sentinels,96,G2 Esports,5,13,96,attacker,true,true,18
b70c4772-18be-4f15-95a3-99812a0b5ccb,2681839,2,lotus,1079,Sentinels,96,G2 Esports,9,12,96,attacker,true,true,21
1bd3eda3-5917-4daf-978c-84c16b81bfc2,2843060,1,corrode,1611,Leviatán Esports,79,Cloud9,10,13,79,defender,true,true,23
1b77407a-2782-45ec-98df-0425f189ba6c,2843060,2,haven,1611,Leviatán Esports,79,Cloud9,13,10,1611,defender,true,true,23
84960f38-8a0e-4669-9060-161fb6891d54,2843060,3,lotus,1611,Leviatán Esports,79,Cloud9,11,13,79,attacker,true,true,24
f24daf6d-0a89-450f-94ad-2ea49767d801,2843061,1,sunset,96,G2 Esports,337,100 Thieves,13,4,96,defender,true,true,17
6aba6aec-1b30-42d5-a966-02a8defdbffb,2843061,2,haven,96,G2 Esports,337,100 Thieves,13,5,96,attacker,true,true,18
1ae74585-d043-45b3-8a42-451e035446ef,2843062,1,corrode,79,Cloud9,1079,Sentinels,10,13,1079,defender,true,true,23
3c4b2006-e081-4efb-af65-789495c4fa88,2843062,2,icebox,79,Cloud9,1079,Sentinels,13,9,79,defender,true,true,22
e18041ca-9d6a-46cf-a064-ffeafc3c0e32,2843062,3,lotus,79,Cloud9,1079,Sentinels,10,13,1079,defender,true,true,23
8fa1d515-4d32-49a6-85cf-c3dfafc116f5,2843063,1,corrode,96,G2 Esports,97,NRG,10,13,97,attacker,true,true,23
38277aa2-5b46-4661-aec7-1638b4bbc72b,2843063,2,sunset,96,G2 Esports,97,NRG,13,11,96,attacker,true,true,24
43789a39-4eba-4d31-80c5-633bcb949841,2843063,3,bind,96,G2 Esports,97,NRG,13,7,96,defender,true,true,20
5bf99a04-bd7a-4113-a102-06bd59ce1f92,2843064,1,lotus,1611,Leviatán Esports,48457,KRÜ Esports,14,12,1611,attacker,true,true,26
33c45db3-8fa3-4946-a183-e5261ed061e1,2843064,2,sunset,1611,Leviatán Esports,48457,KRÜ Esports,6,13,48457,defender,true,true,19
b61a19fd-daf2-4abf-b8db-3261720636fc,2843064,3,haven,1611,Leviatán Esports,48457,KRÜ Esports,13,8,1611,defender,true,true,21
94679668-573b-4b55-94d2-45a9307ae74b,2843065,1,,337,,281,,,,337,,true,true,
423aa05f-56bf-4bbe-a882-5cd31d45414e,2843065,2,,337,,281,,,,337,,true,true,
10819cf9-0f16-405d-8016-f8783fc36b0f,2843066,1,,79,,337,,,,79,,true,true,
2d3d6648-b247-41a9-bcad-97c3f2d43f18,2843066,2,,79,,337,,,,79,,true,true,
ff9dc015-1241-43d3-a544-d69555007ffe,2843067,1,,97,,1611,,,,97,,true,true,
9d9a463e-b95f-4f39-8cf9-8bdc57e190d1,2843067,2,,97,,1611,,,,97,,true,true,
c7d59fd1-765c-4349-a725-c18f4382c7ca,2843068,1,,96,,1079,,,,96,,true,true,
50e283a3-8444-4149-9254-6c39ea8a3555,2843068,2,,96,,1079,,,,96,,true,true,
3495b77b-68ee-4ea1-acfc-7b9213dd05ff,2843069,1,,79,,97,,,,79,,true,true,
ab6834ac-897d-4ad9-93aa-700b0197676e,2843069,2,,79,,97,,,,97,,true,true,
876e4568-70c5-48f5-b555-9a4bb688df4a,2843069,3,,79,,97,,,,97,,true,true,
5e39f7df-7f4b-4741-a010-d64e13b4f68b,2843070,1,,97,,1079,,,,97,,true,true,
33416277-2ec6-4e6c-b2ee-4385085a783e,2843070,2,,97,,1079,,,,97,,true,true,
4e4ff92d-5e0a-4acc-b579-6d30e22971ca,2843070,3,,97,,1079,,,,1079,,true,true,
ed34a2f5-cb2e-496d-a3d8-352fab5921be,2843070,4,,97,,1079,,,,97,,true,true,
6f60e56d-c430-4857-9b97-33a5700ad54d,2843071,1,,97,,96,,,,96,,true,true,
3813a227-e766-4fa0-ad23-3eb7c5af677c,2843071,2,,97,,96,,,,96,,true,true,
26249bcf-dee9-42e2-97c0-80f09e12e079,2843071,3,,97,,96,,,,96,,true,true,
df98c550-e20c-499d-b814-d4d32ef5ec9a,2819676,1,haven,79,Cloud9,99,FURIA,13,5,79,attacker,true,true,19
b0614051-7d8f-49ff-8953-12e7c3e1a5d1,2819676,2,bind,79,Cloud9,99,FURIA,13,4,79,defender,true,true,17
84f92c91-a31a-4afd-9677-a04db2082d65,2819678,1,sunset,281,Evil Geniuses,53367,2GAME eSports,7,13,53367,attacker,true,true,20
09a9a194-c8ae-4883-b774-6187eef9f720,2819678,2,lotus,281,Evil Geniuses,53367,2GAME eSports,13,11,281,defender,true,true,24
e4743d6a-8122-4d99-8063-a257db0ca552,2819678,3,ascent,281,Evil Geniuses,53367,2GAME eSports,13,9,281,attacker,true,true,22
5a5d6f54-28fd-469f-b2b7-59019793fa62,2819681,1,corrode,1079,Sentinels,96,G2 Esports,13,8,1079,attacker,true,true,21
1d75dc9a-c49d-4e86-ae32-a710a2182639,2819681,2,ascent,1079,Sentinels,96,G2 Esports,6,13,96,defender,true,true,19
9c95a847-ca63-4511-96f7-abbd348c0d9f,2819681,3,lotus,1079,Sentinels,96,G2 Esports,14,12,1079,attacker,true,true,26
bcf8a377-5f93-4a0b-b0a3-31d00ed9d70d,2819682,1,ascent,53367,2GAME eSports,96,G2 Esports,8,13,96,defender,true,true,21
2b087d1b-80fa-4fa3-bf94-d80f3441c526,2819682,2,haven,53367,2GAME eSports,96,G2 Esports,5,13,96,attacker,true,true,18
c966fd7f-f575-4695-b523-f7864a96e5e3,2819683,1,sunset,99,FURIA,1079,Sentinels,4,13,1079,attacker,true,true,17
aef88b0f-95d8-454a-a044-5e1bb9a5cb4c,2819683,2,icebox,99,FURIA,1079,Sentinels,0,13,1079,defender,true,true,13
80a0fd03-33ca-4b46-ba71-20cab5e218d6,2819686,1,,79,,281,,,,79,,true,true,
cd79fb03-6580-4b0d-956f-3ad240ee3067,2819686,2,,79,,281,,,,79,,true,true,
f8ab52f8-14fb-4f42-918b-f8bba4cc3241,2819688,1,,53367,,99,,,,99,,true,true,
e3cec113-92e7-4df0-8cdc-137f71b941a1,2819688,2,,53367,,99,,,,53367,,true,true,
8d5f74ab-8bfa-4281-8738-5108812772d1,2819688,3,,53367,,99,,,,53367,,true,true,
3cb8cda1-de2b-4aef-be14-bc2d19e2eeb5,2819690,1,,1079,,79,,,,1079,,true,true,
f64d079d-68cf-49d5-962a-4b3b9e4c558d,2819690,2,,1079,,79,,,,1079,,true,true,
f0981537-c552-49d2-9d27-b43f8a9a5c2c,2819692,1,,96,,281,,,,281,,true,true,
1a184c57-c194-4f4d-bff8-3280c7dc0abe,2819692,2,,96,,281,,,,96,,true,true,
7813e443-da3c-4d73-9f06-a02cc679df87,2819692,3,,96,,281,,,,96,,true,true,
06dabf89-9bb2-4c05-b58f-4e678ccebe64,2819694,1,,79,,53367,,,,79,,true,true,
00b3a00d-beb2-42bd-b9b7-3faf74c7e486,2819694,2,,79,,53367,,,,79,,true,true,
24d96bc3-79d7-40ae-bd22-8439d9e11c45,2819696,1,,1079,,281,,,,1079,,true,true,
0a044bbc-c938-4370-ba57-1c0cbe28d0b7,2819696,2,,1079,,281,,,,1079,,true,true,
b4db5542-6f38-4df9-af3e-a6f02ca8d129,2819698,1,,99,,96,,,,96,,true,true,
1717e228-8cb8-4ee1-88c9-dcfce869ff7f,2819698,2,,99,,96,,,,96,,true,true,
4cf25f43-6b8a-4728-a928-09c7616bb510,2819702,1,,99,,281,,,,281,,true,true,
969411f5-a718-4e22-91cb-abe95f5693b4,2819702,2,,99,,281,,,,281,,true,true,
767df768-d5d2-4207-8466-618f0d71cfaf,2819703,1,,53367,,1079,,,,53367,,true,true,
1054edac-433c-497c-9abf-9776622d1496,2819703,2,,53367,,1079,,,,1079,,true,true,
055f52d4-9af7-4158-9916-86224b4249c2,2819703,3,,53367,,1079,,,,1079,,true,true,
2ddfd0cb-b2a8-417e-abaa-b71c4b509491,2819704,1,,96,,79,,,,96,,true,true,
1e368244-06e8-4f11-ae2f-d08364f866c9,2819704,2,,96,,79,,,,96,,true,true,
986b8b5c-c633-4cce-930c-0f2d9b0bec92,2819677,1,bind,1611,Leviatán Esports,3412,LOUD (1),13,10,1611,defender,true,true,23
99ee9f1f-1ca1-4b3b-8090-b4465478fcaf,2819677,2,ascent,1611,Leviatán Esports,3412,LOUD (1),10,13,3412,defender,true,true,23
00891f98-65bc-4f88-ae3b-0fd434938b46,2819677,3,icebox,1611,Leviatán Esports,3412,LOUD (1),11,13,3412,attacker,true,true,24
5845fede-66f2-4949-88dc-8a50c56c4ff0,2819679,1,corrode,81,MIBR (1),48457,KRÜ Esports,13,9,81,defender,true,true,22
f0cc0f5d-c79a-4fa1-9fc7-d7471e3d3596,2819679,2,ascent,81,MIBR (1),48457,KRÜ Esports,1,13,48457,attacker,true,true,14
7428070d-1707-4a58-a76b-0cb4c78670d7,2819679,3,haven,81,MIBR (1),48457,KRÜ Esports,9,13,48457,defender,true,true,22
62c2f358-4bcc-4073-bad2-b06d19ebb3ed,2819680,1,bind,337,100 Thieves,97,NRG,13,10,337,defender,true,true,23
4c38094b-345a-4640-ae9e-7680dbabe4d2,2819680,2,sunset,337,100 Thieves,97,NRG,13,4,337,defender,true,true,17
da8a31ce-c9c0-4822-a0a2-6809fd279376,2819684,1,corrode,337,100 Thieves,48457,KRÜ Esports,13,4,337,defender,true,true,17
d88e4a6f-ee71-4a8b-a338-8f9476c4f0c1,2819684,2,bind,337,100 Thieves,48457,KRÜ Esports,13,5,337,attacker,true,true,18
7984d7f3-3b19-4f2e-b230-e3f6af270375,2819685,1,haven,97,NRG,3412,LOUD (1),13,4,97,attacker,true,true,17
19594f1c-8e9c-4426-b895-95e348041d50,2819685,2,corrode,97,NRG,3412,LOUD (1),13,9,97,attacker,true,true,22
327da6a0-02c8-45f8-b091-77bbcbd98d98,2819687,1,lotus,81,MIBR (1),1611,Leviatán Esports,8,13,1611,defender,true,true,21
f175545b-6d0a-4c7d-8779-987c4cdaa4f5,2819687,2,sunset,81,MIBR (1),1611,Leviatán Esports,3,14,1611,defender,true,true,18
e1afa88b-cb82-48af-a34c-9473c57a2bcc,2819689,1,lotus,1611,Leviatán Esports,97,NRG,7,13,97,attacker,true,true,20
2311f5ee-3e34-4404-9f56-140e65de20df,2819689,2,haven,1611,Leviatán Esports,97,NRG,14,12,1611,defender,true,true,26
ccdb5ba5-1d12-4531-b9e4-468847256454,2819689,3,icebox,1611,Leviatán Esports,97,NRG,11,13,97,defender,true,true,24
efeb1d82-9d59-4450-8a86-29bcb78b02c9,2819691,1,icebox,81,MIBR (1),337,100 Thieves,13,10,81,attacker,true,true,23
01080eed-aa6f-4ff0-9d1b-70ffa4d9cd44,2819691,2,bind,81,MIBR (1),337,100 Thieves,14,12,81,defender,true,true,26
e507a162-4071-4f0e-99ee-15bdff1efb24,2819693,1,haven,3412,LOUD (1),48457,KRÜ Esports,7,13,48457,defender,true,true,20
9d567067-d1dd-4033-83ef-9ba94eb422a7,2819693,2,bind,3412,LOUD (1),48457,KRÜ Esports,13,9,3412,defender,true,true,22
1ac1b3c8-5be6-4283-8373-8544e049fa09,2819693,3,ascent,3412,LOUD (1),48457,KRÜ Esports,4,13,48457,defender,true,true,17
1ea22d41-5b4f-4573-af44-f0d9bc541cda,2819695,1,lotus,81,MIBR (1),97,NRG,13,15,97,defender,true,true,28
aa0c9c87-07d0-4b5d-b121-c53539ef9200,2819695,2,bind,81,MIBR (1),97,NRG,10,13,97,defender,true,true,23
95e09901-fc6e-4f29-8d0d-5421b3208891,2819697,1,bind,1611,Leviatán Esports,48457,KRÜ Esports,6,13,48457,attacker,true,true,19
a7897faf-0b65-4267-8ee2-e70dfeb16a66,2819697,2,haven,1611,Leviatán Esports,48457,KRÜ Esports,13,10,1611,attacker,true,true,23
0cf28c95-a415-4992-8c9a-f08ecfb314ba,2819697,3,ascent,1611,Leviatán Esports,48457,KRÜ Esports,13,4,1611,defender,true,true,17
46023acd-d264-46c8-b605-0de1d1046fcd,2819699,1,sunset,3412,LOUD (1),337,100 Thieves,13,2,3412,attacker,true,true,15
b24bbd35-14f6-46cb-8e78-c6fcc67da476,2819699,2,bind,3412,LOUD (1),337,100 Thieves,7,13,337,defender,true,true,20
ae311a9c-3366-4bb4-b2ee-bc2aa715b523,2819699,3,lotus,3412,LOUD (1),337,100 Thieves,12,14,337,defender,true,true,26
beef7cc9-5aa7-42c9-b1aa-02a1655a7ef1,2819700,1,sunset,48457,KRÜ Esports,97,NRG,13,6,48457,defender,true,true,19
7cf1796b-377f-44b8-ae2e-b6d4b6a9333e,2819700,2,lotus,48457,KRÜ Esports,97,NRG,7,13,97,defender,true,true,20
7331feef-35e0-47e9-a06e-6ae3a99eee20,2819700,3,haven,48457,KRÜ Esports,97,NRG,5,13,97,attacker,true,true,18
84ed8642-1d74-4852-a926-400b7758c0e9,2819701,1,haven,337,100 Thieves,1611,Leviatán Esports,13,10,337,attacker,true,true,23
aea682e5-53b3-4078-858f-a8b5f8ae2624,2819701,2,sunset,337,100 Thieves,1611,Leviatán Esports,10,13,1611,defender,true,true,23
2192bde4-09d7-4547-b7e5-69ceab395a74,2819701,3,lotus,337,100 Thieves,1611,Leviatán Esports,2,13,1611,attacker,true,true,15
bf3e378e-0a78-499f-8bd7-75dbcb99f86b,2819705,1,icebox,81,MIBR (1),3412,LOUD (1),13,11,81,attacker,true,true,24
c744738d-3c34-4715-9ea4-e97fba3ad15f,2819705,2,sunset,81,MIBR (1),3412,LOUD (1),13,10,81,defender,true,true,23
