player_id,player_name,agent,agent_role,games_played,total_kills,total_deaths,kd_ratio,total_headshots
45,liazzi,viper,Controller,2,36,33,1.09,31
1193,xeppaa,skye,Initiator,1,14,15,0.93,15
1193,xeppaa,fade,Initiator,1,18,18,1.0,11
297,Ethan,skye,Initiator,1,15,14,1.07,10
287,zekken,raze,Duelist,19,341,308,1.11,255
2345,Boostio,gekko,Initiator,16,203,232,0.88,162
2343,tex,gekko,Initiator,12,148,160,0.93,139
74,Mazino,omen,Controller,5,91,77,1.18,87
2349,valyn,harbor,Controller,10,136,142,0.96,120
303,NaturE,viper,Controller,6,90,92,0.98,85
3301,v1nNy,kay/o,Initiator,1,20,13,1.54,18
629,xenom,omen,Controller,16,229,237,0.97,184
2361,Cryo,clove,Controller,1,16,10,1.6,11
32030,pryze,breach,Initiator,2,13,28,0.46,10
10628,add3r,vyse,Sentinel,1,10,14,0.71,8
1195,mitch,breach,Initiator,10,132,161,0.82,103
2353,trent,sova,Initiator,26,395,347,1.14,292
3078,Shyy,vyse,Sentinel,8,124,109,1.14,93
14,aspas,jett,Duelist,45,920,581,1.58,573
11013,N4RRATE,iso,Duelist,1,21,19,1.11,19
725,moose,cypher,Sentinel,8,99,104,0.95,82
1193,Xeppaa,kay/o,Initiator,4,60,72,0.83,64
306,Derrek,fade,Initiator,10,138,143,0.97,134
303,NaturE,killjoy,Sentinel,3,33,47,0.7,40
307,supamen,viper,Controller,11,155,181,0.86,146
51,Khalil,omen,Controller,7,106,105,1.01,90
2837,artzin,harbor,Controller,7,88,97,0.91,68
10612,v1c,astra,Controller,5,74,60,1.23,70
2361,Cryo,yoru,Duelist,13,217,197,1.1,159
3320,cortezia,vyse,Sentinel,7,124,116,1.07,113
51,khalil,astra,Controller,3,23,39,0.59,20
48,heat,breach,Initiator,4,55,50,1.1,48
74,Mazino,deadlock,Sentinel,2,37,28,1.32,29
307,supamen,clove,Controller,2,29,41,0.71,26
119048,Kess,cypher,Sentinel,5,53,74,0.72,53
709,BABYBAY,viper,Controller,1,16,12,1.33,12
74,Mazino,sova,Initiator,10,129,128,1.01,97
77,keznitdeuS,iso,Duelist,4,67,57,1.18,60
32032,spikeziN,yoru,Duelist,1,13,16,0.81,14
2340,s0m,deadlock,Sentinel,1,4,15,0.27,5
3314,havoc,kay/o,Initiator,4,44,71,0.62,43
266,mazin,skye,Initiator,4,49,59,0.83,43
10636,OXY,raze,Duelist,23,425,400,1.06,333
1814,rglmeister,omen,Controller,4,56,57,0.98,48
2837,artziN,raze,Duelist,5,63,83,0.76,50
2361,Cryo,jett,Duelist,19,375,291,1.29,201
90,TenZ,kay/o,Initiator,3,49,50,0.98,37
306,Derrek,skye,Initiator,2,20,34,0.59,22
2359,Zander,omen,Controller,12,151,163,0.93,129
297,Ethan,breach,Initiator,12,160,169,0.95,119
1193,Xeppaa,clove,Controller,1,28,25,1.12,18
206,Adverso,viper,Controller,1,11,17,0.65,10
11013,N4RRATE,breach,Initiator,7,98,96,1.02,66
2646,raafa,breach,Initiator,6,68,91,0.75,50
207,kiNgg,omen,Controller,31,502,420,1.2,429
727,bang,brimstone,Controller,1,6,16,0.38,5
2349,valyn,brimstone,Controller,11,193,154,1.25,125
77,keznitdeuS,reyna,Duelist,4,54,57,0.95,41
83,Klaus,sova,Initiator,3,40,42,0.95,30
48,heat,gekko,Initiator,3,42,43,0.98,35
14,aspas,phoenix,Duelist,1,12,14,0.86,14
303,NaturE,yoru,Duelist,1,13,17,0.76,13
866,yay,cypher,Sentinel,2,34,32,1.06,35
866,yay,jett,Duelist,6,121,107,1.13,67
77,keznitdeuS,yoru,Duelist,7,122,79,1.54,79
11334,Demon1,omen,Controller,4,49,56,0.88,52
30558,PA1NT,jett,Duelist,1,8,18,0.44,7
2837,artziN,gekko,Initiator,1,16,15,1.07,13
49,xand,sage,Sentinel,4,51,61,0.84,36
58,Saadhak,neon,Duelist,6,76,107,0.71,73
99073,Rich,gekko,Initiator,2,26,34,0.76,20
1812,cauanzin,skye,Initiator,2,30,36,0.83,28
14826,Sato,yoru,Duelist,8,181,124,1.46,163
709,BABYBAY,deadlock,Sentinel,1,12,10,1.2,8
32268,silentzz,jett,Duelist,2,44,26,1.69,18
10901,Virtyy,neon,Duelist,5,71,81,0.88,57
2513,brawk,vyse,Sentinel,3,54,36,1.5,35
1814,rglmeister,astra,Controller,3,37,40,0.93,27
10636,OXY,jett,Duelist,22,400,404,0.99,314
2512,johnqt,cypher,Sentinel,9,122,111,1.1,106
2343,tex,killjoy,Sentinel,25,376,373,1.01,352
2361,Cryo,chamber,Sentinel,4,63,42,1.5,32
94,Zellsis,killjoy,Sentinel,9,149,125,1.19,119
2345,Boostio,breach,Initiator,7,83,90,0.92,69
2340,s0m,brimstone,Controller,8,125,110,1.14,112
10612,v1c,brimstone,Controller,4,57,47,1.21,39
74432,FNS,vyse,Sentinel,4,46,57,0.81,39
206,Adverso,sova,Initiator,1,9,16,0.56,6
77,keznitdeuS,raze,Duelist,18,324,277,1.17,217
48,Heat,cypher,Sentinel,3,25,42,0.6,26
2431,nataNk,breach,Initiator,1,13,12,1.08,11
2351,JonahP,viper,Controller,25,349,342,1.02,265
2351,JonahP,kay/o,Initiator,13,172,188,0.91,134
2512,johnqt,kay/o,Initiator,3,40,46,0.87,37
306,Derrek,tejo,Initiator,9,127,138,0.92,115
14940,icy,killjoy,Sentinel,2,49,38,1.29,42
77,keznitdeuS,neon,Duelist,7,132,115,1.15,104
272,tuyZ,fade,Initiator,1,16,19,0.84,13
3314,havoc,neon,Duelist,4,70,76,0.92,70
2512,johnqt,deadlock,Sentinel,3,40,44,0.91,28
49,xand,fade,Initiator,1,7,16,0.44,10
27795,Player 1,chamber,Sentinel,1,10,10,1.0,6
77,keznitdeuS,skye,Initiator,1,7,12,0.58,5
297,Ethan,fade,Initiator,3,46,48,0.96,33
10630,Verno,skye,Initiator,1,15,19,0.79,18
2837,artzin,viper,Controller,1,15,15,1.0,13
11334,Demon1,jett,Duelist,12,200,174,1.15,143
291,crashies,sova,Initiator,8,111,100,1.11,77
2641,jzz,raze,Duelist,4,67,70,0.96,56
45,liazzi,astra,Controller,1,6,13,0.46,9
266,mazin,kay/o,Initiator,4,39,65,0.6,41
58,Saadhak,kay/o,Initiator,4,55,61,0.9,47
2361,Cryo,brimstone,Controller,11,179,161,1.11,129
2343,tex,cypher,Sentinel,24,345,343,1.01,301
3260,Sacy,gekko,Initiator,4,58,61,0.95,53
2353,trent,viper,Controller,4,56,55,1.02,48
866,yay,phoenix,Duelist,1,17,18,0.94,19
296,Asuna,neon,Duelist,12,160,189,0.85,155
52,nzr,skye,Initiator,6,67,86,0.78,55
2340,s0m,viper,Controller,7,108,99,1.09,78
57,mwzera,skye,Initiator,1,9,13,0.69,6
2353,trent,tejo,Initiator,36,594,465,1.28,480
2348,neT,astra,Controller,1,13,16,0.81,13
2358,mada,jett,Duelist,6,102,83,1.23,68
206,adverso,tejo,Initiator,6,65,89,0.73,48
3305,PxS,fade,Initiator,1,12,13,0.92,7
32268,silentzz,vyse,Sentinel,1,9,15,0.6,11
32030,Pryze,sova,Initiator,4,53,50,1.06,41
2646,raafa,kay/o,Initiator,5,33,73,0.45,25
2348,neT,viper,Controller,9,131,115,1.14,105
11968,Runi,clove,Controller,2,43,39,1.1,40
272,tuyz,gekko,Initiator,5,73,72,1.01,52
32038,Palla,raze,Duelist,4,55,74,0.74,41
2837,artziN,viper,Controller,2,32,31,1.03,27
28,Less,omen,Controller,1,13,15,0.87,11
45,liazzi,raze,Duelist,1,13,16,0.81,11
291,crashies,fade,Initiator,1,16,16,1.0,11
709,BABYBAY,chamber,Sentinel,3,54,41,1.32,25
10612,v1c,iso,Duelist,1,12,13,0.92,10
312,skuba,viper,Controller,10,163,133,1.23,111
32038,Palla,neon,Duelist,2,22,34,0.65,20
77,keznitdeuS,omen,Controller,2,23,28,0.82,25
74,Mazino,viper,Controller,3,26,42,0.62,22
312,skuba,killjoy,Sentinel,3,45,35,1.29,37
59,frz,viper,Controller,6,93,89,1.04,67
59,frz,cypher,Sentinel,4,57,56,1.02,52
307,supamen,omen,Controller,16,230,232,0.99,215
1812,cauanzin,tejo,Initiator,7,109,111,0.98,87
2357,bdog,breach,Initiator,2,28,21,1.33,24
10628,add3r,cypher,Sentinel,1,18,14,1.29,15
10630,Verno,sova,Initiator,14,158,171,0.92,124
277,pANcada,omen,Controller,20,254,288,0.88,241
2359,Zander,astra,Controller,5,75,75,1.0,60
296,Asuna,kay/o,Initiator,8,111,123,0.9,95
1193,Xeppaa,sova,Initiator,5,75,70,1.07,60
1192,leaf,vyse,Sentinel,19,333,285,1.17,274
291,crashies,gekko,Initiator,3,30,35,0.86,34
19,kon4n,viper,Controller,7,68,105,0.65,49
3314,havoc,gekko,Initiator,2,26,32,0.81,28
2891,Apoth,astra,Controller,1,6,13,0.46,6
1193,Xeppaa,vyse,Sentinel,7,112,100,1.12,86
1195,mitch,harbor,Controller,2,34,28,1.21,22
121485,DGZ,neon,Duelist,2,27,27,1.0,19
277,pANcada,brimstone,Controller,5,59,66,0.89,56
32268,silentzz,iso,Duelist,2,21,30,0.7,25
3315,gobera,tejo,Initiator,1,11,15,0.73,12
2890,Rossy,breach,Initiator,6,97,102,0.95,78
57,mwzera,neon,Duelist,3,55,62,0.89,41
52,nzr,gekko,Initiator,1,16,17,0.94,14
10621,okeanos,neon,Duelist,5,77,86,0.9,71
14826,Sato,raze,Duelist,5,94,82,1.15,73
74,Mazino,fade,Initiator,4,61,60,1.02,46
32030,pryze,sova,Initiator,4,46,59,0.78,33
27795,Player 1,vyse,Sentinel,1,7,17,0.41,8
42,Urango,sage,Sentinel,1,5,14,0.36,8
10901,Virtyy,raze,Duelist,4,69,67,1.03,46
32337,luk xo,cypher,Sentinel,6,95,80,1.19,84
28813,Dantedeu5,raze,Duelist,1,10,14,0.71,10
1686,RobbieBk,fade,Initiator,2,19,35,0.54,16
292,Marved,viper,Controller,7,105,84,1.25,84
1814,rglmeister,brimstone,Controller,3,49,47,1.04,44
706,wippie,killjoy,Sentinel,4,47,60,0.78,46
19,kon4n,skye,Initiator,1,11,16,0.69,7
207,kiNgg,breach,Initiator,1,11,15,0.73,8
2345,Boostio,omen,Controller,1,6,17,0.35,6
2351,JonahP,sova,Initiator,2,26,29,0.9,15
307,supamen,astra,Controller,4,63,63,1.0,64
2837,artzin,deadlock,Sentinel,1,13,18,0.72,11
3078,Shyy,cypher,Sentinel,24,349,306,1.14,294
51,khalil,omen,Controller,9,132,139,0.95,119
2349,valyn,astra,Controller,21,328,305,1.08,255
208,Melser,brimstone,Controller,6,77,92,0.84,58
2837,artzin,yoru,Duelist,7,102,119,0.86,74
3320,cortezia,viper,Controller,5,81,72,1.13,66
48,heat,fade,Initiator,6,104,74,1.41,81
14940,icy,yoru,Duelist,7,101,128,0.79,84
2347,JAWGEMO,jett,Duelist,2,19,30,0.63,18
57,mwzera,omen,Controller,2,28,34,0.82,25
57,mwzera,yoru,Duelist,2,23,31,0.74,17
91,vanity,brimstone,Controller,2,27,33,0.82,22
52,nzr,fade,Initiator,1,6,12,0.5,3
306,Derrek,gekko,Initiator,2,28,27,1.04,22
2513,brawk,tejo,Initiator,8,106,111,0.95,71
48,Heat,vyse,Sentinel,5,63,72,0.88,63
10985,mta,sova,Initiator,13,163,205,0.8,132
94,Zellsis,breach,Initiator,2,22,22,1.0,18
49,xand,kay/o,Initiator,2,21,33,0.64,16
2837,artziN,killjoy,Sentinel,3,32,48,0.67,27
14826,Sato,neon,Duelist,4,73,62,1.18,72
2358,mada,waylay,Duelist,2,32,30,1.07,15
14826,Sato,jett,Duelist,3,56,52,1.08,47
208,Melser,fade,Initiator,2,19,26,0.73,16
119048,kess,brimstone,Controller,1,18,15,1.2,14
119048,kess,cypher,Sentinel,1,15,7,2.14,14
119048,Kess,vyse,Sentinel,2,28,29,0.97,22
297,Ethan,kay/o,Initiator,15,199,212,0.94,157
51,Khalil,killjoy,Sentinel,3,35,41,0.85,33
1193,xeppaa,raze,Duelist,3,48,50,0.96,34
1193,xeppaa,kay/o,Initiator,2,36,35,1.03,27
3320,cortezia,killjoy,Sentinel,10,136,140,0.97,123
2361,Cryo,sage,Sentinel,3,62,41,1.51,50
57,mwzera,sova,Initiator,1,16,15,1.07,6
1192,leaf,viper,Controller,22,385,328,1.17,288
206,adverso,sova,Initiator,7,91,96,0.95,61
91,vanity,omen,Controller,15,172,239,0.72,138
1812,cauanzin,kay/o,Initiator,7,117,113,1.04,87
3078,Shyy,killjoy,Sentinel,21,317,301,1.05,248
83,Klaus,gekko,Initiator,4,50,60,0.83,42
1192,leaf,cypher,Sentinel,6,86,96,0.9,67
3314,havoc,killjoy,Sentinel,7,107,115,0.93,106
52,Nozwer,kay/o,Initiator,1,11,16,0.69,7
290,Victor,raze,Duelist,2,42,25,1.68,33
1812,cauanzin,fade,Initiator,4,71,67,1.06,64
52,nzr,kay/o,Initiator,1,14,14,1.0,8
14,aspas,neon,Duelist,13,247,214,1.15,196
2347,JAWGEMO,gekko,Initiator,2,22,29,0.76,19
32337,luk xo,viper,Controller,6,102,98,1.04,89
14940,icy,waylay,Duelist,1,10,13,0.77,8
11334,Demon1,viper,Controller,1,12,14,0.86,12
14,aspas,waylay,Duelist,2,40,34,1.18,32
2890,Rossy,kay/o,Initiator,2,15,29,0.52,11
10985,mta,viper,Controller,3,36,44,0.82,29
1193,Xeppaa,breach,Initiator,1,8,17,0.47,9
2837,artziN,cypher,Sentinel,2,42,33,1.27,35
99073,Rich,skye,Initiator,1,7,16,0.44,8
1195,mitch,fade,Initiator,2,23,34,0.68,19
2351,JonahP,sage,Sentinel,3,43,37,1.16,33
2512,johnqt,sage,Sentinel,2,18,20,0.9,16
10621,okeanos,kay/o,Initiator,4,47,57,0.82,47
42,Urango,skye,Initiator,1,6,15,0.4,3
14940,icy,cypher,Sentinel,2,22,27,0.81,21
32268,silentzz,cypher,Sentinel,2,26,30,0.87,25
2340,s0m,killjoy,Sentinel,1,18,15,1.2,16
207,kiNgg,vyse,Sentinel,1,18,9,2.0,17
51,Khalil,cypher,Sentinel,4,50,65,0.77,44
290,Victor,killjoy,Sentinel,2,39,32,1.22,35
11969,Jakee,astra,Controller,1,9,15,0.6,6
11969,Jakee,omen,Controller,2,27,24,1.13,18
94,Zellsis,viper,Controller,12,147,163,0.9,117
50,qck1,raze,Duelist,5,69,81,0.85,45
58,Saadhak,skye,Initiator,1,19,20,0.95,14
50,qck1,phoenix,Duelist,2,25,27,0.93,19
296,Asuna,raze,Duelist,31,509,478,1.06,373
2358,mada,raze,Duelist,14,235,224,1.05,180
2348,neT,killjoy,Sentinel,3,37,53,0.7,33
1193,Xeppaa,tejo,Initiator,8,132,126,1.05,101
2347,JAWGEMO,yoru,Duelist,36,609,556,1.1,463
206,adverso,viper,Controller,2,28,35,0.8,21
74,Mazino,kay/o,Initiator,6,90,102,0.88,72
94,Zellsis,cypher,Sentinel,6,67,86,0.78,61
1193,Xeppaa,skye,Initiator,8,107,117,0.91,99
2353,trent,gekko,Initiator,8,107,118,0.91,96
297,Ethan,yoru,Duelist,6,76,73,1.04,52
28,Less,cypher,Sentinel,8,141,113,1.25,115
2891,Apoth,cypher,Sentinel,11,132,169,0.78,158
2359,Zander,brimstone,Controller,2,42,23,1.83,28
307,supamen,brimstone,Controller,1,16,13,1.23,16
3305,PxS,sova,Initiator,1,7,15,0.47,8
32337,luk xo,vyse,Sentinel,2,44,37,1.19,35
272,tuyZ,breach,Initiator,2,32,31,1.03,26
2343,tex,viper,Controller,3,35,46,0.76,34
51,khalil,brimstone,Controller,1,12,14,0.86,8
207,kiNgg,waylay,Duelist,1,13,10,1.3,7
11334,Demon1,brimstone,Controller,2,41,33,1.24,35
86,ShahZaM,sova,Initiator,2,23,29,0.79,17
49,xand,gekko,Initiator,2,23,42,0.55,23
3314,havoc,viper,Controller,2,22,30,0.73,23
290,Victor,jett,Duelist,2,30,29,1.03,14
290,Victor,neon,Duelist,1,18,17,1.06,17
10621,okeanos,omen,Controller,7,120,93,1.29,101
28813,Dantedeu5,neon,Duelist,5,45,71,0.63,42
3315,gobera,breach,Initiator,2,21,30,0.7,19
32030,pryze,fade,Initiator,1,18,17,1.06,12
94,Zellsis,deadlock,Sentinel,1,12,16,0.75,10
32038,Palla,waylay,Duelist,1,9,12,0.75,10
1686,RobbieBk,skye,Initiator,3,39,45,0.87,38
14,aspas,yoru,Duelist,1,10,15,0.67,7
45,liazzi,omen,Controller,1,8,14,0.57,10
2641,jzz,skye,Initiator,6,85,98,0.87,80
296,Asuna,gekko,Initiator,10,135,151,0.89,98
94,Zellsis,brimstone,Controller,5,63,72,0.88,52
14940,icy,raze,Duelist,28,444,449,0.99,317
303,NaturE,vyse,Sentinel,4,51,69,0.74,46
2837,artzin,tejo,Initiator,1,4,15,0.27,4
32033,Lz,omen,Controller,8,94,118,0.8,102
1195,mitch,tejo,Initiator,1,13,17,0.76,9
2348,neT,deadlock,Sentinel,5,69,78,0.88,63
77,keznitdeuS,jett,Duelist,18,299,286,1.05,190
287,zekken,yoru,Duelist,18,325,284,1.14,264
11013,N4RRATE,fade,Initiator,14,220,208,1.06,171
2431,nataNk,skye,Initiator,1,14,8,1.75,14
1195,mitch,kay/o,Initiator,1,10,18,0.56,11
11013,N4RRATE,omen,Controller,3,34,44,0.77,31
52,nzr,sova,Initiator,8,128,127,1.01,77
52,Nozwer,skye,Initiator,1,23,14,1.64,22
2837,artzin,breach,Initiator,13,183,229,0.8,164
2351,JonahP,fade,Initiator,7,108,119,0.91,78
287,zekken,neon,Duelist,6,123,75,1.64,100
48,Heat,clove,Controller,3,52,54,0.96,48
2890,Rossy,tejo,Initiator,2,27,28,0.96,24
28,Less,killjoy,Sentinel,3,46,50,0.92,35
2513,brawk,fade,Initiator,3,27,48,0.56,18
306,Derrek,chamber,Sentinel,1,30,15,2.0,22
296,Asuna,omen,Controller,1,14,17,0.82,13
290,Victor,cypher,Sentinel,7,106,83,1.28,82
11969,jakee,omen,Controller,3,45,50,0.9,40
91,vanity,sova,Initiator,2,36,35,1.03,31
3260,Sacy,skye,Initiator,7,99,95,1.04,83
14,aspas,reyna,Duelist,1,25,14,1.79,19
2351,JonahP,vyse,Sentinel,4,64,48,1.33,46
629,xenom,astra,Controller,9,136,129,1.05,101
58,Saadhak,breach,Initiator,4,42,64,0.66,31
272,tuyz,brimstone,Controller,4,56,58,0.97,50
50,qck1,jett,Duelist,4,38,55,0.69,26
74,Mazino,brimstone,Controller,6,93,94,0.99,74
83,Klaus,viper,Controller,3,42,40,1.05,34
272,tuyz,viper,Controller,1,16,14,1.14,15
1193,Xeppaa,yoru,Duelist,5,86,68,1.26,78
2361,Cryo,iso,Duelist,3,36,46,0.78,31
10636,OXY,neon,Duelist,4,78,84,0.93,73
303,NaturE,kay/o,Initiator,4,62,72,0.86,55
866,yay,astra,Controller,2,29,34,0.85,22
272,tuyZ,viper,Controller,1,16,19,0.84,10
3314,havoc,yoru,Duelist,4,49,64,0.77,48
2515,C0M,tejo,Initiator,8,108,115,0.94,89
2646,raafa,tejo,Initiator,2,16,30,0.53,10
45,liazzi,breach,Initiator,2,31,31,1.0,30
48,heat,skye,Initiator,2,20,31,0.65,15
1195,mitch,skye,Initiator,5,68,62,1.1,46
10621,okeanos,harbor,Controller,1,20,17,1.18,20
1686,RobbieBk,killjoy,Sentinel,2,27,35,0.77,27
2340,s0m,cypher,Sentinel,1,8,15,0.53,7
19,kon4n,sova,Initiator,3,40,45,0.89,23
2837,artziN,jett,Duelist,8,125,135,0.93,82
10636,OXY,yoru,Duelist,6,102,91,1.12,87
91,vanity,gekko,Initiator,1,18,12,1.5,14
1812,cauanzin,breach,Initiator,9,121,128,0.95,102
94,Zellsis,kay/o,Initiator,6,95,83,1.14,69
3260,Sacy,sova,Initiator,4,57,63,0.9,53
727,bang,viper,Controller,30,431,407,1.06,371
2341,eeiu,fade,Initiator,29,408,369,1.11,325
2515,C0M,skye,Initiator,4,56,49,1.14,47
306,Derrek,sova,Initiator,10,133,153,0.87,116
52,nzr,breach,Initiator,5,73,76,0.96,63
32268,silentzz,yoru,Duelist,1,16,16,1.0,15
93,penny,jett,Duelist,1,15,14,1.07,9
74432,FNS,killjoy,Sentinel,6,66,89,0.74,55
10630,Verno,fade,Initiator,5,57,80,0.71,50
74,Mazino,breach,Initiator,19,324,282,1.15,270
2512,johnqt,tejo,Initiator,18,274,240,1.14,216
2515,C0M,viper,Controller,2,27,37,0.73,19
272,tuyz,harbor,Controller,5,52,69,0.75,45
2515,C0M,cypher,Sentinel,3,33,40,0.83,30
1193,Xeppaa,sage,Sentinel,2,22,26,0.85,27
2891,Apoth,harbor,Controller,3,22,47,0.47,22
1814,rglmeister,harbor,Controller,1,6,15,0.4,4
90,TenZ,gekko,Initiator,3,37,42,0.88,24
287,zekken,omen,Controller,1,12,18,0.67,7
2347,JAWGEMO,waylay,Duelist,8,138,125,1.1,89
866,yay,clove,Controller,4,80,83,0.96,78
2513,brawk,sova,Initiator,14,178,188,0.95,114
207,kiNgg,yoru,Duelist,5,61,71,0.86,46
32030,Pryze,tejo,Initiator,4,32,54,0.59,26
2347,JAWGEMO,iso,Duelist,2,36,34,1.06,26
58,Saadhak,gekko,Initiator,2,24,36,0.67,22
3314,havoc,cypher,Sentinel,2,37,28,1.32,33
42,Urango,killjoy,Sentinel,2,10,30,0.33,12
32337,luk xo,omen,Controller,2,36,36,1.0,30
312,skuba,omen,Controller,1,13,14,0.93,11
291,crashies,viper,Controller,1,9,10,0.9,9
2512,johnqt,killjoy,Sentinel,2,30,29,1.03,29
2515,C0M,sova,Initiator,43,573,569,1.01,368
2341,eeiu,sova,Initiator,30,440,397,1.11,337
90,TenZ,yoru,Duelist,1,15,14,1.07,15
2349,valyn,omen,Controller,49,774,705,1.1,581
272,tuyZ,cypher,Sentinel,6,70,82,0.85,54
14940,icy,jett,Duelist,9,143,159,0.9,113
32269,zap,tejo,Initiator,2,18,30,0.6,14
32268,silentzz,raze,Duelist,1,11,18,0.61,13
727,bang,omen,Controller,31,476,429,1.11,453
11013,N4RRATE,gekko,Initiator,2,31,31,1.0,21
48,Heat,viper,Controller,6,56,88,0.64,49
83,Klaus,breach,Initiator,2,22,30,0.73,18
2343,tex,sage,Sentinel,1,22,22,1.0,21
11013,N4RRATE,tejo,Initiator,4,59,62,0.95,52
74432,FNS,cypher,Sentinel,9,95,135,0.7,80
2340,s0m,omen,Controller,14,246,199,1.24,208
11013,N4RRATE,sova,Initiator,6,81,67,1.21,65
3315,gobera,cypher,Sentinel,4,30,67,0.45,31
32033,Lz,astra,Controller,1,10,14,0.71,9
32030,Pryze,fade,Initiator,4,55,64,0.86,52
2890,Rossy,deadlock,Sentinel,1,4,14,0.29,5
11334,Demon1,astra,Controller,1,17,10,1.7,15
297,Ethan,harbor,Controller,2,31,32,0.97,26
45,liazzi,kay/o,Initiator,1,13,16,0.81,16
272,tuyz,raze,Duelist,1,13,19,0.68,10
10621,okeanos,brimstone,Controller,2,35,30,1.17,31
1686,RobbieBk,sova,Initiator,6,57,79,0.72,58
1814,rglmeister,viper,Controller,2,22,28,0.79,17
2641,jzz,sova,Initiator,3,43,43,1.0,40
272,tuyz,omen,Controller,9,90,127,0.71,79
74,Mazino,harbor,Controller,18,270,276,0.98,224
2512,johnqt,viper,Controller,14,211,180,1.17,174
1192,leaf,raze,Duelist,2,37,33,1.12,28
1192,leaf,yoru,Duelist,1,23,17,1.35,20
866,yay,chamber,Sentinel,1,18,15,1.2,8
1812,cauanzin,sova,Initiator,11,156,158,0.99,115
3320,cortezia,cypher,Sentinel,14,220,208,1.06,194
74,Mazino,skye,Initiator,3,40,50,0.8,36
94,Zellsis,vyse,Sentinel,17,264,266,0.99,213
2646,raafa,sage,Sentinel,1,6,13,0.46,5
1192,leaf,chamber,Sentinel,5,83,69,1.2,49
2837,artzin,raze,Duelist,3,37,48,0.77,30
58,Saadhak,killjoy,Sentinel,3,34,37,0.92,37
14940,icy,gekko,Initiator,7,85,94,0.9,66
2345,Boostio,cypher,Sentinel,7,93,114,0.82,78
10612,v1c,viper,Controller,2,25,33,0.76,25
3318,askia,yoru,Duelist,2,21,28,0.75,19
121485,DGZ,yoru,Duelist,1,14,18,0.78,12
207,kiNgg,neon,Duelist,2,34,40,0.85,19
2513,brawk,gekko,Initiator,1,17,13,1.31,8
266,mazin,omen,Controller,6,72,87,0.83,69
45,liazzi,killjoy,Sentinel,3,39,44,0.89,42
2347,JAWGEMO,neon,Duelist,5,95,77,1.23,83
272,tuyz,jett,Duelist,1,20,13,1.54,10
2343,tex,chamber,Sentinel,2,28,24,1.17,12
206,adverso,deadlock,Sentinel,1,8,15,0.53,6
32032,spikeziN,neon,Duelist,2,46,29,1.59,40
27795,Player 1,viper,Controller,1,13,21,0.62,10
2837,artzin,iso,Duelist,1,17,18,0.94,12
119048,Kess,fade,Initiator,1,14,6,2.33,10
292,Marved,omen,Controller,5,63,74,0.85,47
706,wippie,viper,Controller,3,51,40,1.27,35
59,frz,killjoy,Sentinel,3,31,45,0.69,25
3314,havoc,raze,Duelist,4,45,59,0.76,36
287,zekken,jett,Duelist,14,231,221,1.05,179
14,aspas,raze,Duelist,25,497,370,1.34,340
121485,DGZ,raze,Duelist,3,59,47,1.26,37
2886,Stellar,tejo,Initiator,2,29,24,1.21,20
10612,v1c,omen,Controller,17,252,252,1.0,239
11968,Runi,viper,Controller,10,144,133,1.08,125
1193,Xeppaa,gekko,Initiator,6,90,93,0.97,80
1192,leaf,killjoy,Sentinel,26,437,391,1.12,330
2353,trent,fade,Initiator,17,211,231,0.91,182
2361,Cryo,gekko,Initiator,2,40,31,1.29,30
2351,JonahP,skye,Initiator,7,97,105,0.92,79
2515,C0M,fade,Initiator,18,214,260,0.82,180
52,Nozwer,sova,Initiator,1,10,16,0.63,7
290,Victor,brimstone,Controller,1,7,15,0.47,8
2891,Apoth,brimstone,Controller,2,40,22,1.82,29
10630,Verno,tejo,Initiator,16,266,214,1.24,195
3320,cortezia,omen,Controller,7,102,117,0.87,97
303,NaturE,fade,Initiator,4,54,70,0.77,46
2358,mada,neon,Duelist,8,129,117,1.1,107
11334,Demon1,neon,Duelist,1,22,18,1.22,18
2358,mada,reyna,Duelist,1,24,16,1.5,21
2837,artziN,yoru,Duelist,1,18,15,1.2,15
99073,Rich,sova,Initiator,3,44,50,0.88,34
10985,mta,cypher,Sentinel,2,31,29,1.07,31
28813,Dantedeu5,jett,Duelist,3,33,33,1.0,30
119048,Kess,brimstone,Controller,3,31,41,0.76,30
1812,cauanzin,vyse,Sentinel,2,37,35,1.06,27
91,vanity,skye,Initiator,3,43,46,0.93,38
91,vanity,viper,Controller,5,64,69,0.93,42
51,Khalil,viper,Controller,4,69,56,1.23,57
28,Less,viper,Controller,10,143,131,1.09,116
207,kiNgg,viper,Controller,37,555,510,1.09,447
2361,Cryo,astra,Controller,6,83,78,1.06,63
2345,Boostio,killjoy,Sentinel,19,248,315,0.79,214
2348,neT,cypher,Sentinel,14,202,201,1.0,182
277,pANcada,astra,Controller,5,93,76,1.22,83
121485,DGZ,jett,Duelist,4,59,54,1.09,31
629,xenom,brimstone,Controller,4,51,66,0.77,39
3315,gobera,vyse,Sentinel,2,35,30,1.17,29
2341,eeiu,tejo,Initiator,5,67,72,0.93,58
11334,Demon1,raze,Duelist,4,43,48,0.9,32
2512,johnqt,sova,Initiator,3,35,39,0.9,32
3078,Shyy,viper,Controller,8,120,112,1.07,96
208,Melser,astra,Controller,1,12,16,0.75,11
48,heat,kay/o,Initiator,15,232,236,0.98,188
58,Saadhak,sova,Initiator,1,6,14,0.43,5
303,NaturE,breach,Initiator,10,104,137,0.76,99
58,Saadhak,deadlock,Sentinel,1,23,17,1.35,15
629,xenom,viper,Controller,14,203,185,1.1,154
1195,mitch,sova,Initiator,8,118,106,1.11,80
2512,johnqt,breach,Initiator,4,50,36,1.39,43
2340,s0m,astra,Controller,2,30,19,1.58,24
2343,tex,vyse,Sentinel,11,150,154,0.97,133
2361,Cryo,omen,Controller,2,28,33,0.85,18
277,pANcada,viper,Controller,4,80,56,1.43,77
32038,Palla,jett,Duelist,4,54,69,0.78,43
99073,Rich,fade,Initiator,1,22,16,1.38,16
2347,JAWGEMO,sage,Sentinel,1,10,16,0.63,10
1193,Xeppaa,killjoy,Sentinel,3,44,39,1.13,47
312,skuba,cypher,Sentinel,1,10,17,0.59,9
28813,Dantedeu5,yoru,Duelist,8,126,129,0.98,98
1812,cauanzin,gekko,Initiator,3,45,50,0.9,43
10621,okeanos,sage,Sentinel,1,13,15,0.87,11
119048,Kess,killjoy,Sentinel,1,12,16,0.75,11
57,mwzera,jett,Duelist,9,160,151,1.06,85
11969,Jakee,brimstone,Controller,1,20,14,1.43,14
266,mazin,viper,Controller,8,85,111,0.77,73
11969,jakee,brimstone,Controller,1,16,17,0.94,15
90,TenZ,omen,Controller,14,216,206,1.05,170
3260,Sacy,fade,Initiator,6,68,92,0.74,73
2351,JonahP,breach,Initiator,30,349,420,0.83,245
3301,v1nNy,breach,Initiator,6,70,87,0.8,60
2359,Zander,viper,Controller,9,114,133,0.86,87
11969,Jakee,clove,Controller,1,10,16,0.63,10
93,penny,raze,Duelist,1,22,8,2.75,15
297,Ethan,omen,Controller,7,85,93,0.91,76
208,Melser,omen,Controller,39,502,529,0.95,440
727,bang,astra,Controller,11,170,160,1.06,160
3314,havoc,jett,Duelist,5,58,81,0.72,48
2837,artzin,kay/o,Initiator,9,104,166,0.63,78
2347,JAWGEMO,raze,Duelist,10,153,158,0.97,118
725,moose,killjoy,Sentinel,13,179,195,0.92,171
208,Melser,viper,Controller,13,166,173,0.96,139
11968,Runi,sova,Initiator,9,90,137,0.66,73
57,mwzera,raze,Duelist,4,53,61,0.87,27
291,crashies,skye,Initiator,2,27,20,1.35,21
303,NaturE,skye,Initiator,2,34,25,1.36,32
866,yay,yoru,Duelist,1,15,18,0.83,13
48,Heat,killjoy,Sentinel,1,9,12,0.75,8
51,khalil,viper,Controller,1,8,13,0.62,6
296,Asuna,yoru,Duelist,2,37,22,1.68,27
30558,PA1NT,iso,Duelist,1,11,17,0.65,9
51,Khalil,brimstone,Controller,2,32,27,1.19,20
45,liazzi,gekko,Initiator,2,12,33,0.36,11
10636,OXY,reyna,Duelist,2,52,35,1.49,39
709,BABYBAY,vyse,Sentinel,2,23,20,1.15,17
32032,spikeziN,kay/o,Initiator,2,25,34,0.74,20
10901,Virtyy,jett,Duelist,4,63,50,1.26,38
